0;0;0;0;0;0;0;0;0;0;0;0;0;0;0;0;0;0;0;0;0;0;0;0;0;0;0;0;0;0;0;0;0;0;0;0;0;0;0;0;0;0;j;j;j;j;j;j;j;j;j;j;j;j;j;j;j;j;j;j;j;j;j;j;j;j;j;j;j;j;j;j;j;j;j;j;j;j;j;j
0;0;0;0;0;0;0;0;0;0;0;0;0;0;0;0;0;0;0;0;0;0;0;0;0;0;0;0;0;0;0;0;0;0;0;0;0;0;0;0;0;0;j;j;j;j;j;j;j;j;j;j;j;j;j;j;j;j;j;j;j;j;j;j;j;j;j;j;j;j;j;j;j;j;j;j;j;j;j;j
0;0;0;0;0;0;0;0;0;0;0;0;0;0;0;0;0;0;0;0;0;0;0;0;0;0;0;0;0;0;0;0;0;0;0;0;0;0;0;0;0;0;j;j;j;j;j;j;j;j;j;j;j;j;j;j;j;j;j;j;j;j;j;j;j;j;j;j;j;j;j;j;j;j;j;j;j;j;j;j
0;0;0;0;0;0;0;0;0;0;0;0;0;0;0;0;0;0;0;0;0;0;0;0;0;0;0;0;0;0;0;0;0;0;0;0;0;0;0;0;0;0;0;0;j;j;j;j;j;j;j;j;j;j;j;j;j;j;j;j;j;j;j;j;j;j;j;j;j;j;j;j;j;j;j;j;j;j;j;j
0;0;0;0;0;0;0;0;0;0;0;0;0;0;0;0;0;0;0;0;0;0;0;0;0;0;0;0;0;0;0;0;0;0;0;0;0;0;0;0;0;0;0;0;0;0;0;0;j;j;j;j;j;j;j;j;j;j;j;j;j;j;j;j;j;j;j;j;j;j;j;j;j;j;j;j;j;j;j;j
0;0;0;0;0;0;0;0;0;0;0;0;0;0;0;0;0;0;0;0;0;0;0;0;0;0;0;0;0;0;0;0;0;0;0;0;0;0;0;0;0;0;0;0;0;0;0;0;j;j;j;j;j;j;j;j;j;j;j;j;j;j;j;j;j;j;j;j;j;j;j;j;j;j;j;j;j;j;j;j
0;0;0;0;0;0;0;0;0;0;0;0;0;0;0;0;0;0;0;0;0;0;0;0;0;0;0;0;0;0;0;0;0;0;0;0;0;0;0;0;0;0;0;0;0;0;0;0;j;j;j;j;j;j;j;j;j;j;j;j;j;j;j;j;j;j;j;j;j;j;j;j;j;j;j;j;j;j;j;j
0;0;0;0;0;0;0;0;0;0;0;0;0;0;0;0;0;0;0;0;0;0;0;0;0;0;0;0;0;0;0;0;0;0;0;0;0;0;0;0;0;0;0;0;0;0;0;0;0;j;j;j;j;j;j;j;j;j;j;j;j;j;j;j;j;j;j;j;j;j;j;j;j;j;j;j;j;j;j;j
0;0;0;0;0;0;0;0;0;0;0;0;0;0;0;0;0;0;0;0;0;0;0;0;0;0;0;0;0;0;0;0;0;0;0;0;0;0;0;0;0;0;0;0;0;0;0;0;0;j;j;j;j;j;j;j;j;j;j;j;j;j;j;j;j;j;j;j;j;j;j;j;j;j;j;j;j;j;j;j
0;0;0;0;0;0;0;0;0;0;0;0;0;0;0;0;0;0;0;0;0;0;0;0;0;0;0;0;0;0;0;0;0;0;0;0;0;0;0;0;0;0;0;0;0;0;0;0;0;j;j;j;j;j;j;j;j;j;j;j;j;j;j;j;j;j;j;j;j;j;j;j;j;j;j;j;j;j;j;j
0;0;0;0;0;0;0;0;0;0;0;0;0;0;0;0;0;0;0;0;0;0;0;0;0;0;0;0;0;0;0;0;0;0;0;0;0;0;0;0;0;0;0;0;0;0;0;0;0;j;j;j;j;j;j;j;j;j;j;j;j;j;j;j;j;j;j;j;j;j;j;j;j;j;j;j;j;j;j;j
0;0;0;0;0;0;0;0;0;0;0;0;0;0;0;0;0;0;0;0;0;0;0;0;0;0;0;0;0;0;0;0;0;0;0;0;0;0;0;0;0;0;0;0;0;0;0;0;0;0;0;0;0;j;j;j;j;j;j;j;j;j;j;j;j;j;j;j;j;j;j;j;j;j;j;j;j;j;j;j
0;0;0;0;0;0;0;0;0;0;0;0;0;0;0;0;0;0;0;0;0;0;0;0;0;0;0;0;0;0;0;0;0;0;0;0;0;0;0;0;0;0;0;0;0;0;0;0;0;0;0;0;0;j;j;j;j;j;j;j;j;j;j;j;j;j;j;j;j;j;j;j;j;j;j;j;j;j;j;j
0;0;0;0;0;0;0;0;0;0;0;0;0;0;0;0;0;0;0;0;0;0;0;0;0;0;0;0;0;0;0;0;0;0;0;0;0;0;0;0;0;0;0;0;0;0;0;0;0;0;0;0;0;j;j;j;j;j;j;j;j;j;j;j;j;j;j;j;j;j;j;j;j;j;j;j;j;j;j;j
0;0;0;0;0;0;0;0;0;0;0;0;0;0;0;0;0;0;0;0;0;0;0;0;0;0;0;0;0;0;0;0;0;0;0;0;0;0;0;0;0;0;0;0;0;0;0;0;0;0;0;0;0;j;j;j;j;j;j;j;j;j;j;0;0;0;0;0;0;0;0;0;0;0;0;0;0;0;0;0
0;0;0;0;0;0;0;0;0;0;0;0;0;0;0;0;0;0;0;0;0;0;0;0;0;0;0;0;0;0;0;0;0;0;0;0;0;0;0;0;0;0;0;0;0;0;0;0;0;0;0;0;0;j;j;j;j;j;j;j;j;j;j;0;0;0;0;0;0;0;0;0;0;0;0;0;0;0;0;0
0;0;0;0;0;0;0;0;0;0;0;0;0;0;0;0;0;0;0;0;0;0;0;0;0;0;0;0;0;0;0;0;0;0;0;0;0;0;0;0;0;0;0;0;0;0;0;0;0;0;0;0;0;j;j;j;j;j;j;j;j;j;j;0;0;0;0;0;0;0;0;0;0;0;0;0;0;0;0;0
0;0;0;0;0;0;0;0;0;0;0;0;0;0;0;0;0;0;0;0;0;0;0;0;0;0;0;0;0;0;0;0;0;0;0;0;0;0;0;0;0;0;0;0;0;0;0;0;0;0;0;0;0;j;j;j;j;j;j;j;j;j;j;0;0;0;0;0;0;0;0;0;0;0;0;0;0;0;0;0
0;0;0;0;0;0;0;0;0;0;0;0;0;0;0;0;0;0;0;0;0;0;0;0;0;0;0;0;0;0;0;0;0;0;0;0;0;0;0;0;0;0;0;0;0;0;0;0;0;0;0;j;j;j;j;j;j;j;j;j;j;j;j;0;0;0;0;0;0;0;0;0;0;0;0;0;0;0;0;0
0;0;0;0;0;0;0;0;0;0;0;0;0;0;0;0;0;0;0;0;0;0;0;0;0;0;0;0;0;0;0;0;0;0;0;0;0;0;0;0;0;0;0;0;0;0;0;0;0;i;i;i;j;j;j;j;j;j;j;j;j;j;j;0;0;0;0;0;0;0;0;0;0;0;0;0;0;0;0;0
0;0;0;0;0;0;0;0;0;0;0;0;0;0;0;0;0;0;0;0;0;0;0;0;0;0;0;0;0;0;0;0;0;0;0;0;0;0;0;0;0;0;0;0;0;0;0;0;0;j;j;j;j;j;j;j;j;j;j;j;j;j;j;0;0;0;0;0;0;0;0;0;0;0;0;0;0;0;0;0
0;0;0;0;0;0;0;0;0;0;0;0;0;0;0;0;0;0;0;0;0;0;0;0;0;0;0;0;0;0;0;0;0;0;0;0;0;0;0;0;0;0;0;0;0;0;0;0;0;j;j;j;j;j;j;j;j;j;j;j;j;j;j;0;0;0;0;0;0;0;0;0;0;0;0;0;0;0;0;0
0;0;0;0;0;0;0;0;0;0;0;0;0;0;0;0;0;0;0;0;0;0;0;0;0;0;0;0;0;0;0;0;0;0;0;0;0;0;0;0;0;0;0;0;0;0;0;0;0;j;j;j;j;j;j;j;j;j;j;j;j;j;j;0;0;0;0;0;0;0;0;0;0;0;0;0;0;0;0;0
0;0;0;0;0;0;0;0;0;0;0;0;0;0;0;0;0;0;0;0;0;0;0;0;0;0;0;0;0;0;0;0;0;0;0;0;0;0;0;0;0;0;0;0;0;0;0;0;i;i;j;j;j;j;j;j;j;j;j;j;j;j;j;0;0;0;0;0;0;0;0;0;0;0;0;0;0;0;0;0
0;0;0;0;0;0;0;0;0;0;0;0;0;0;0;0;0;0;0;0;0;0;0;0;0;0;0;0;0;0;0;0;0;0;0;0;0;0;0;0;0;0;0;0;0;0;0;0;j;j;j;j;j;j;j;j;j;j;j;j;j;j;j;0;0;0;0;0;0;0;0;0;0;0;0;0;0;0;0;0
0;0;0;0;0;0;0;0;0;0;0;0;0;0;0;0;0;0;0;0;0;0;0;0;0;0;0;0;0;0;0;0;0;0;0;0;0;0;0;0;0;0;0;0;0;0;0;0;j;j;j;j;j;j;j;j;j;j;j;j;j;j;j;0;0;0;0;0;0;0;0;0;0;0;0;0;0;0;0;0
0;0;0;0;0;0;0;0;0;0;0;0;0;0;0;0;0;0;0;0;0;0;0;0;0;0;0;0;0;0;0;0;0;0;0;0;0;0;0;0;0;0;0;0;0;0;0;0;j;j;j;j;j;j;j;j;j;j;j;j;j;j;j;0;0;0;0;0;0;0;0;0;0;0;0;0;0;0;0;0
0;0;0;0;0;0;0;0;0;0;0;0;0;0;0;0;0;0;0;0;0;0;0;0;0;0;0;0;0;0;0;0;0;0;0;0;0;0;0;0;0;0;0;0;0;0;0;0;j;j;j;j;j;j;j;j;j;j;j;j;j;j;j;0;0;0;0;0;0;0;0;0;0;0;0;0;0;0;0;0
0;0;0;0;0;0;0;0;0;0;0;0;0;0;0;0;0;0;0;0;0;0;0;0;0;0;0;0;0;0;0;0;0;0;0;0;0;0;0;0;0;0;0;0;0;0;0;j;j;j;j;j;j;j;j;j;j;j;j;j;j;j;j;0;0;0;0;0;0;0;0;0;0;0;0;0;0;0;0;0
0;0;0;0;0;0;0;0;0;0;0;0;0;0;0;0;0;0;0;0;0;0;0;0;0;0;0;0;0;0;0;0;0;0;0;0;0;0;0;0;0;0;0;0;0;0;0;j;j;j;j;j;j;j;j;j;j;j;j;j;j;j;j;0;0;0;0;0;0;0;0;0;0;0;0;0;0;0;0;0
0;0;0;0;0;0;0;0;0;0;0;0;0;0;0;0;0;0;0;0;0;0;0;0;0;0;0;0;0;0;0;0;0;0;0;0;0;0;0;0;0;0;0;0;0;0;0;j;j;j;j;j;j;j;j;j;j;j;j;j;j;j;j;0;0;0;0;0;0;0;0;0;0;0;0;0;0;0;0;0
0;0;0;0;0;0;0;0;0;0;0;0;0;0;0;0;0;0;0;0;0;0;0;0;0;0;0;0;0;0;0;0;0;0;0;0;0;0;0;0;0;0;0;0;0;0;i;i;j;j;j;j;j;j;j;j;j;0;0;0;0;0;0;0;0;0;0;0;0;0;0;0;0;0;0;0;0;0;0;0
0;0;0;0;0;0;0;0;0;0;0;0;0;0;0;0;0;0;0;0;0;0;0;0;0;0;0;0;0;0;0;0;0;0;0;0;0;0;0;0;0;0;0;0;0;0;j;j;j;j;j;j;j;j;j;j;j;0;0;0;0;0;0;0;0;0;0;0;0;0;0;0;0;0;0;0;0;0;0;0
0;0;0;0;0;0;0;0;0;0;0;0;0;0;0;0;0;0;0;0;0;0;0;0;0;0;0;0;0;0;0;0;0;0;0;0;0;0;0;0;0;0;0;0;0;0;j;j;j;j;j;j;j;j;j;j;j;0;0;0;0;0;0;0;0;0;0;0;0;0;0;0;0;0;0;0;0;0;0;0
0;0;0;0;0;0;0;0;0;0;0;0;0;0;0;0;0;0;0;0;0;0;0;0;0;0;0;0;0;0;0;0;0;0;0;0;0;0;0;0;0;0;0;0;0;0;j;j;j;j;j;j;j;j;j;j;j;0;0;0;0;0;0;0;0;0;0;0;0;0;0;0;0;0;0;0;0;0;0;0
0;0;0;0;0;0;0;0;0;0;0;0;0;0;0;0;0;0;0;0;0;0;0;0;0;0;0;0;0;0;0;0;0;0;0;0;0;0;0;0;0;0;0;0;0;0;j;j;j;j;j;j;j;j;j;j;j;0;0;0;0;0;0;0;0;0;0;0;0;0;0;0;0;0;0;0;0;0;0;0
0;0;0;0;0;0;0;0;0;0;0;0;0;0;0;0;0;0;0;0;0;0;0;0;0;0;0;0;0;0;0;0;0;0;0;0;0;0;0;0;0;0;0;0;0;0;j;j;j;j;j;j;j;j;0;0;0;0;0;0;0;0;0;0;0;0;0;0;0;0;0;0;0;0;0;0;0;0;0;0
0;0;0;0;0;0;0;0;0;0;0;0;0;0;0;0;0;0;0;0;0;0;0;0;0;0;0;0;0;0;0;0;0;0;0;0;0;0;0;0;0;0;0;0;0;0;j;j;j;j;j;j;j;j;0;0;0;0;0;0;0;0;0;0;0;0;0;0;0;0;0;0;0;0;0;0;0;0;0;0
0;0;0;0;0;0;0;0;0;0;0;0;0;0;0;0;0;0;0;0;0;0;0;0;0;0;0;0;0;0;0;0;0;0;0;0;0;0;0;0;0;0;0;0;0;0;j;j;j;j;j;0;0;0;0;0;0;0;0;0;0;0;0;0;0;0;0;0;0;0;0;0;0;0;0;0;0;0;0;0
0;0;0;0;0;0;0;0;0;0;0;0;0;0;0;0;0;0;0;0;0;0;0;0;0;0;0;0;0;0;0;0;0;0;0;0;0;0;0;0;0;0;0;0;0;0;j;j;j;j;j;0;0;0;0;0;0;0;0;0;0;0;0;0;0;0;0;0;0;0;0;0;0;0;0;0;0;0;0;0
0;0;0;0;0;0;0;0;0;0;0;0;0;0;0;0;0;0;0;0;0;0;0;0;0;0;0;0;0;0;0;0;0;0;0;0;0;0;0;0;0;0;0;0;0;0;j;j;j;j;j;0;0;0;0;0;0;0;0;0;0;0;0;0;0;0;0;0;0;0;0;0;0;0;0;0;0;0;0;0
0;0;0;0;0;0;0;0;0;0;0;0;0;0;0;0;0;0;0;0;0;0;0;0;0;0;0;0;0;0;0;0;0;0;0;0;0;0;0;0;0;0;0;0;0;0;j;j;j;j;j;0;0;0;0;0;0;0;0;0;0;0;0;0;0;0;0;0;0;0;0;0;0;0;0;0;0;0;0;0
0;0;0;0;0;0;0;0;0;0;0;0;0;0;0;0;0;0;0;0;0;0;0;0;0;0;0;0;0;0;0;0;0;0;0;0;0;0;0;0;0;0;0;0;0;0;j;j;j;j;j;0;0;0;0;0;0;0;0;0;0;0;0;0;0;0;0;0;0;0;0;0;0;0;0;0;0;0;0;0
0;0;0;0;0;0;0;0;0;0;0;0;0;0;0;0;0;0;0;0;j;j;j;j;j;0;0;0;0;0;0;0;0;0;0;0;0;0;0;0;0;0;0;0;j;j;j;j;j;j;j;0;0;0;0;0;0;0;0;0;0;0;0;0;0;0;0;0;0;0;0;0;0;0;0;0;0;0;0;0
j;j;j;j;j;j;j;j;j;j;j;j;j;j;j;j;j;j;j;j;j;j;j;j;i;i;i;i;i;i;i;0;0;0;0;0;0;0;0;0;0;0;0;0;j;j;j;j;j;j;j;0;0;0;0;0;0;0;0;0;0;0;0;0;0;0;0;0;0;0;0;0;0;0;0;0;0;0;0;0
0;0;0;0;0;0;0;0;0;0;0;0;0;0;0;0;0;0;0;0;j;j;j;j;j;j;j;j;j;j;j;0;0;0;0;0;0;0;0;0;0;0;0;j;j;j;j;j;0;0;0;0;0;0;0;0;0;0;0;0;0;0;0;0;0;0;0;0;0;0;0;0;0;0;0;0;0;0;0;0
0;0;0;0;0;0;0;0;0;0;0;0;0;0;0;0;0;0;0;0;j;j;j;j;j;j;j;j;j;j;j;j;j;j;j;j;j;j;0;0;0;0;0;j;j;j;j;j;0;0;0;0;0;0;0;0;0;0;0;0;0;0;0;0;0;0;0;0;0;0;0;0;0;0;0;0;0;0;0;0
0;0;0;0;0;0;0;0;0;0;0;0;0;0;0;0;0;0;0;0;j;j;j;j;j;j;j;j;j;j;j;j;j;j;j;j;j;j;0;0;0;0;0;j;j;j;j;j;0;0;0;0;0;0;0;0;0;0;0;0;0;0;0;0;0;0;0;0;0;0;0;0;0;0;0;0;0;0;0;0
0;0;0;0;0;0;0;0;0;0;0;0;0;0;0;0;0;0;0;0;0;0;j;j;j;j;j;j;j;j;j;j;j;j;j;j;j;j;0;0;0;0;j;j;j;j;0;0;0;0;0;0;0;0;0;0;0;0;0;0;0;0;0;0;0;0;0;0;0;0;0;0;0;0;0;0;0;0;0;0
0;0;0;0;0;0;0;0;0;0;0;0;0;0;0;0;0;0;0;0;0;0;j;j;j;j;j;j;j;j;j;j;j;j;j;j;j;j;0;0;0;0;j;j;j;j;0;0;0;0;0;0;0;0;0;0;0;0;0;0;0;0;0;0;0;0;0;0;0;0;0;0;0;0;0;0;0;0;0;0
0;0;0;0;0;0;0;0;0;0;0;0;0;0;0;0;0;0;0;0;0;0;j;j;j;j;j;j;j;j;j;j;j;j;j;j;j;j;0;0;0;0;j;j;j;j;0;0;0;0;0;0;0;0;0;0;0;0;0;0;0;0;0;0;0;0;0;0;0;0;0;0;0;0;0;0;0;0;0;0
0;0;0;0;0;0;0;0;0;0;0;0;0;0;0;0;0;0;0;0;0;0;0;0;0;0;j;j;j;j;j;j;j;j;j;j;j;j;0;0;0;0;j;j;j;j;0;0;0;0;0;0;0;0;0;0;0;0;0;0;0;0;0;0;0;0;0;0;0;0;0;0;0;0;0;0;0;0;0;0
0;0;0;0;0;0;0;0;0;0;0;0;0;0;0;0;0;0;0;0;0;0;0;0;0;0;j;j;j;j;j;j;j;j;j;j;j;j;0;0;0;0;j;j;j;j;0;0;0;0;0;0;0;0;0;0;0;0;0;0;0;0;0;0;0;0;0;0;0;0;0;0;0;0;0;0;0;0;0;0
0;0;0;0;0;0;0;0;0;0;0;0;0;0;0;0;0;0;0;0;0;0;0;0;0;0;j;j;j;j;j;j;j;j;j;j;j;j;0;0;0;0;j;j;j;j;0;0;0;0;0;0;0;0;0;0;0;0;0;0;0;0;0;0;0;0;0;0;0;0;0;0;0;0;0;0;0;0;0;0
0;0;0;0;0;0;0;0;0;0;0;0;0;0;0;0;0;0;0;0;0;0;0;0;0;0;0;0;j;j;j;j;j;j;j;j;j;j;0;0;0;0;j;j;j;j;0;0;0;0;0;0;0;0;0;0;0;0;0;0;0;0;0;0;0;0;0;0;0;0;0;0;0;0;0;0;0;0;0;0
0;0;0;0;0;0;0;0;0;0;0;0;0;0;0;0;0;0;0;0;0;0;0;0;0;0;0;0;j;j;j;j;j;j;j;j;j;j;0;0;0;0;j;j;j;j;0;0;0;0;0;0;0;0;0;0;0;0;0;0;0;0;0;0;0;0;0;0;0;0;0;0;0;0;0;0;0;0;0;0
0;0;0;0;0;0;0;0;0;0;0;0;0;0;0;0;0;0;0;0;0;0;0;0;0;0;0;0;j;j;j;j;j;j;j;j;j;j;0;0;0;0;j;j;j;j;0;0;0;0;0;0;0;0;0;0;0;0;0;0;0;0;0;0;0;0;0;0;0;0;0;0;0;0;0;0;0;0;0;0
0;0;0;0;0;0;0;0;0;0;0;0;0;0;0;0;0;0;0;0;0;0;0;0;0;0;0;0;j;j;j;j;j;j;j;j;j;j;0;0;0;0;j;j;j;j;0;0;0;0;0;0;0;0;0;0;0;0;0;0;0;0;0;0;0;0;0;0;0;0;0;0;0;0;0;0;0;0;0;0
0;0;0;0;0;0;0;0;0;0;0;0;0;0;0;0;0;0;0;0;0;0;0;0;0;0;0;0;j;j;j;j;j;j;j;j;j;j;0;0;0;0;j;j;j;j;0;0;0;0;0;0;0;0;0;0;0;0;0;0;0;0;0;0;0;0;0;0;0;0;0;0;0;0;0;0;0;0;0;0
0;0;0;0;0;0;0;0;0;0;0;0;0;0;0;0;0;0;0;0;0;0;0;0;0;0;0;0;0;j;j;j;j;j;j;j;j;j;0;0;0;0;j;j;j;j;j;j;j;j;0;0;0;0;0;0;0;0;0;0;0;0;0;0;0;0;0;0;0;0;0;0;0;0;0;0;0;0;0;0
0;0;0;0;0;0;0;0;0;0;0;0;0;0;0;0;0;0;0;0;0;0;0;0;0;0;0;0;0;j;j;j;j;j;j;j;j;j;0;0;0;0;j;j;j;j;j;j;j;j;0;0;0;0;0;0;0;0;0;0;0;0;0;0;0;0;0;0;0;0;0;0;0;0;0;0;0;0;0;0
0;0;0;0;0;0;0;0;0;0;0;0;0;0;0;0;0;0;0;0;0;0;0;0;0;0;0;0;0;j;j;j;j;j;j;j;j;j;0;0;0;0;j;j;j;j;j;j;j;j;0;0;0;0;0;0;0;0;0;0;0;0;0;0;0;0;0;0;0;0;0;0;0;0;0;0;0;0;0;0
0;0;0;0;0;0;0;0;0;0;0;0;0;0;0;0;0;0;0;0;0;0;0;0;0;0;0;0;0;0;0;j;j;j;j;j;j;j;0;0;0;0;j;j;j;j;j;j;j;j;0;0;0;0;0;0;0;0;0;0;0;0;0;0;0;0;0;0;0;0;0;0;0;0;0;0;0;0;0;0
0;0;0;0;0;0;0;0;0;0;0;0;0;0;0;0;0;0;0;0;0;0;0;0;0;0;0;0;0;0;0;j;j;j;j;j;j;j;0;0;0;0;j;j;j;j;j;j;j;j;0;0;0;0;0;0;0;0;0;0;0;0;0;0;0;0;0;0;0;0;0;0;0;0;0;0;0;0;0;0
0;0;0;0;0;0;0;0;0;0;0;0;0;0;0;0;0;0;0;0;0;0;0;0;0;0;0;0;0;0;0;j;j;j;j;j;j;j;0;0;0;0;j;j;j;j;j;j;j;j;0;0;0;0;0;0;0;0;0;0;0;0;0;0;0;0;0;0;0;0;0;0;0;0;0;0;0;0;0;0
0;0;0;0;0;0;0;0;0;0;0;0;0;0;0;0;0;0;0;0;0;0;0;0;0;0;0;0;0;0;0;j;j;j;j;j;j;j;0;0;0;0;j;j;j;j;j;j;j;j;0;0;0;0;0;0;0;0;0;0;0;0;0;0;0;0;0;0;0;0;0;0;0;0;0;0;0;0;0;0
0;0;0;0;0;0;0;0;0;0;0;0;0;0;0;0;0;0;0;0;0;0;0;0;0;0;0;0;0;0;0;j;j;j;j;j;j;j;0;0;0;0;j;j;j;j;j;j;j;j;0;0;0;0;0;0;0;0;0;0;0;0;0;0;0;0;0;0;0;0;0;0;0;0;0;0;0;0;0;0
0;0;0;0;0;0;0;0;0;0;0;0;0;0;0;0;0;0;0;0;0;0;0;0;0;0;0;0;0;0;0;j;j;j;j;j;j;j;0;0;0;0;j;j;j;j;j;j;j;j;0;0;0;0;0;0;0;0;0;0;0;0;0;0;0;0;0;0;0;0;0;0;0;0;0;0;0;0;0;0
0;0;0;0;0;0;0;0;0;0;0;0;0;0;0;0;0;0;0;0;0;0;0;0;0;0;0;0;0;j;j;j;j;j;j;j;j;j;0;0;0;0;j;j;j;j;j;j;j;j;0;0;0;0;0;0;0;0;0;0;0;0;0;0;0;0;0;0;0;0;0;0;0;0;0;0;0;0;0;0
0;0;0;0;0;0;0;0;0;0;0;0;0;0;0;0;0;0;0;0;0;0;0;0;0;0;0;0;0;j;j;j;j;j;j;j;j;j;0;0;0;0;j;j;j;j;j;j;j;j;0;0;0;0;0;0;0;0;0;0;0;0;0;0;0;0;0;0;0;0;0;0;0;0;0;0;0;0;0;0
0;0;0;0;0;0;0;0;0;0;0;0;0;0;0;0;0;0;0;0;0;0;0;0;0;0;0;0;0;j;j;j;j;j;j;j;j;j;0;0;0;0;j;j;j;j;j;j;j;j;0;0;0;0;0;0;0;0;0;0;0;0;0;0;0;0;0;0;0;0;0;0;0;0;0;0;0;0;0;0
0;0;0;0;0;0;0;0;0;0;0;0;0;0;0;0;0;0;0;0;0;0;0;0;0;0;0;0;0;j;j;j;j;j;j;j;j;j;0;0;0;0;j;j;j;j;j;j;j;j;0;0;0;0;0;0;0;0;0;0;0;0;0;0;0;0;0;0;0;0;0;0;0;0;0;0;0;0;0;0
0;0;0;0;0;0;0;0;0;0;0;0;0;0;0;0;0;0;0;0;0;0;0;0;0;0;0;0;0;j;j;j;j;j;j;j;j;0;0;0;0;0;j;j;j;j;j;j;j;j;0;0;0;0;0;0;0;0;0;0;0;0;0;0;0;0;0;0;0;0;0;0;0;0;0;0;0;0;0;0
0;0;0;0;0;0;0;0;0;0;0;0;0;0;0;0;0;0;0;0;0;0;0;0;0;0;0;0;0;j;j;j;j;j;j;j;j;0;0;0;0;0;j;j;j;j;j;j;j;j;0;0;0;0;0;0;0;0;0;0;0;0;0;0;0;0;0;0;0;0;0;0;0;0;0;0;0;0;0;0
0;0;0;0;0;0;0;0;0;0;0;0;0;0;0;0;0;0;0;0;0;0;0;0;0;0;0;0;0;j;j;j;j;j;j;j;j;0;0;0;0;0;j;j;j;j;j;j;j;j;0;0;0;0;0;0;0;0;0;0;0;0;0;0;0;0;0;0;0;0;0;0;0;0;0;0;0;0;0;0
0;0;0;0;0;0;0;0;0;0;0;0;0;0;0;0;0;0;0;0;0;0;0;0;0;0;j;j;j;j;j;j;j;j;j;j;j;0;0;0;0;0;j;j;j;j;j;j;j;j;j;j;j;j;0;0;0;0;0;0;0;0;0;0;0;0;0;0;0;0;0;0;0;0;0;0;0;0;0;0
0;0;0;0;0;0;0;0;0;0;0;0;0;0;0;0;0;0;0;0;0;0;0;0;0;0;j;j;j;j;j;j;j;j;j;j;0;0;0;0;0;0;j;j;j;j;j;j;j;j;j;j;j;j;0;0;0;0;0;0;0;0;0;0;0;0;0;0;0;0;0;0;0;0;0;0;0;0;0;0
0;0;0;0;0;0;0;0;0;0;0;0;0;0;0;0;0;0;0;0;0;0;0;0;0;0;j;j;j;j;j;j;j;j;j;j;0;0;0;0;0;0;j;j;j;j;j;j;j;j;j;j;j;j;0;0;0;0;0;0;0;0;0;0;0;0;0;0;0;0;0;0;0;0;0;0;0;0;0;0
0;0;0;0;0;0;0;0;0;0;0;0;0;0;0;0;0;0;0;0;0;0;0;0;0;0;j;j;j;j;j;j;j;j;j;j;0;0;0;0;0;0;j;j;j;j;j;j;j;j;j;j;j;j;0;0;0;0;0;0;0;0;0;0;0;0;0;0;0;0;0;0;0;0;0;0;0;0;0;0
0;0;0;0;0;0;0;0;0;0;0;0;0;0;0;0;0;0;0;0;0;0;0;0;0;0;j;j;j;j;j;j;j;j;j;0;0;0;0;0;0;0;0;j;j;j;j;j;j;j;j;j;j;j;j;j;j;j;j;j;j;j;j;0;0;0;0;0;0;0;0;0;0;0;0;0;0;0;0;0
0;0;0;0;0;0;0;0;0;0;0;0;0;0;0;0;0;0;0;0;0;0;j;j;j;j;j;j;j;j;j;j;j;j;j;0;0;0;0;0;0;0;0;j;j;j;j;j;j;j;j;j;j;j;j;j;j;j;j;j;j;j;j;0;0;0;0;0;0;0;0;0;0;0;0;0;0;0;0;0
0;0;0;0;0;0;0;0;0;0;0;0;0;0;0;0;0;0;0;0;0;0;j;j;j;j;j;j;j;j;j;j;j;j;0;0;0;0;0;0;0;0;0;0;j;j;j;j;j;j;j;j;j;j;j;j;j;j;j;j;j;j;j;0;0;0;0;0;0;0;0;0;0;0;0;0;0;0;0;0
0;0;0;0;0;0;0;0;0;0;0;0;0;0;0;0;0;0;0;0;0;0;j;j;j;j;j;j;j;j;j;j;j;j;0;0;0;0;0;0;0;0;0;0;j;j;j;j;j;j;j;j;j;j;j;j;j;j;j;j;j;j;j;0;0;0;0;0;0;0;0;0;0;0;0;0;0;0;0;0
0;0;0;0;0;0;0;0;0;0;0;0;0;0;0;0;0;0;0;0;0;0;j;j;j;j;j;j;j;j;j;j;j;j;j;j;0;0;0;0;0;0;0;0;j;j;j;j;j;j;j;j;j;j;j;j;j;j;j;j;j;j;j;0;0;0;0;0;0;0;0;0;0;0;0;0;0;0;0;0
0;0;0;0;0;0;0;0;0;0;0;0;0;0;0;0;0;0;j;j;j;j;j;j;j;j;j;j;j;j;j;j;j;j;j;j;0;0;0;0;0;0;0;0;j;j;j;j;j;j;j;j;j;j;j;j;j;j;j;j;j;j;j;0;0;0;0;0;0;0;0;0;0;0;0;0;0;0;0;0
0;0;0;0;0;0;0;0;0;0;0;0;0;0;0;0;0;0;j;j;j;j;j;j;j;j;j;j;j;j;j;j;j;j;j;j;0;0;0;0;0;j;j;j;j;j;j;j;j;j;j;j;j;j;j;j;j;j;j;j;j;j;j;0;0;0;0;0;0;0;0;0;0;0;0;0;0;0;0;0
0;0;0;0;0;0;0;0;0;0;0;0;0;0;0;0;0;0;j;j;j;j;j;j;j;j;j;j;j;j;j;j;j;j;j;j;0;0;0;0;0;j;j;j;j;j;j;j;j;j;j;j;j;j;j;j;j;j;j;j;j;j;j;0;0;0;0;0;0;0;0;0;0;0;0;0;0;0;0;0
0;0;0;0;0;0;0;0;0;0;0;0;0;0;0;0;0;0;j;j;j;j;j;j;j;j;j;j;j;j;j;j;j;j;j;j;0;0;0;0;0;j;j;j;j;j;j;j;j;j;j;j;j;j;j;j;j;j;j;j;j;j;j;0;0;0;0;0;0;0;0;0;0;0;0;0;0;0;0;0
0;0;0;0;0;0;0;0;0;0;0;0;0;0;0;0;0;0;j;j;j;j;j;j;j;j;j;j;j;j;j;j;j;j;j;j;0;0;0;0;0;j;j;j;j;j;j;j;j;j;j;j;j;j;j;j;j;j;j;j;j;j;j;0;0;0;0;0;0;0;0;0;0;0;0;0;0;0;0;0
0;0;0;0;0;0;0;0;0;0;0;0;0;0;0;0;j;j;j;j;j;j;j;j;j;j;j;j;j;j;j;j;j;j;j;j;0;0;0;0;0;j;j;j;j;j;j;j;j;j;j;j;j;j;j;j;j;j;j;j;j;j;j;0;0;0;0;0;0;0;0;0;0;0;0;0;0;0;0;0
0;0;0;0;0;0;0;0;0;0;0;0;0;0;0;0;j;j;j;j;j;j;j;j;j;j;j;j;j;j;j;j;j;j;j;j;0;0;0;0;0;j;j;j;j;j;j;j;j;j;j;j;j;j;j;j;j;j;j;j;j;j;j;0;0;0;0;0;0;0;0;0;0;0;0;0;0;0;0;0
0;0;0;0;0;0;0;0;0;0;0;0;0;0;0;0;j;j;j;j;j;j;j;j;j;j;j;j;j;j;j;j;j;j;j;j;0;0;0;0;0;j;j;j;j;j;j;j;j;j;j;j;j;j;j;j;j;j;j;j;j;j;j;0;0;0;0;0;0;0;0;0;0;0;0;0;0;0;0;0
0;0;0;0;0;0;0;0;0;0;0;0;0;0;0;0;j;j;j;j;j;j;j;j;j;j;j;j;j;j;j;j;j;j;j;j;0;0;0;0;0;j;j;j;j;j;j;j;j;j;j;j;j;j;j;j;j;j;j;j;j;j;j;0;0;0;0;0;0;0;0;0;0;0;0;0;0;0;0;0
0;0;0;0;0;0;0;0;0;0;0;0;0;0;0;0;j;j;j;j;j;j;j;j;j;j;j;j;j;j;j;j;j;j;j;j;0;0;0;0;0;j;j;j;j;j;j;j;j;j;j;j;j;j;j;j;j;j;j;j;j;j;j;0;0;0;0;0;0;0;0;0;0;0;0;0;0;0;0;0
0;0;0;0;0;0;0;0;0;0;0;0;j;j;j;j;j;j;j;j;j;j;j;j;j;j;j;j;j;j;j;j;j;j;0;0;0;0;0;0;0;j;j;j;j;j;j;j;j;j;j;j;j;j;j;j;j;j;j;j;j;j;j;0;0;0;0;0;0;0;0;0;0;0;0;0;0;0;0;0
0;0;0;0;0;0;0;0;0;0;0;0;j;j;j;j;j;j;j;j;j;j;j;j;j;j;j;j;j;j;j;j;j;j;0;0;0;0;0;0;0;0;0;j;j;j;j;j;j;j;j;j;j;j;j;j;j;j;j;j;j;j;j;0;0;0;0;0;0;0;0;0;0;0;0;0;0;0;0;0
0;0;0;0;0;0;0;0;0;0;0;0;j;j;j;j;j;j;j;j;j;j;j;j;j;j;j;j;j;j;j;j;j;j;0;0;0;0;0;0;0;0;0;j;j;j;j;j;j;j;j;j;j;j;j;j;j;j;j;j;j;j;j;0;0;0;0;0;0;0;0;0;0;0;0;0;0;0;0;0
0;0;0;0;0;0;0;0;0;0;0;0;j;j;j;j;j;j;j;j;j;j;j;j;j;j;j;j;j;j;j;j;j;j;0;0;0;0;0;0;0;0;0;j;j;j;j;j;j;j;j;j;j;j;j;j;j;j;j;j;j;j;j;0;0;0;0;0;0;0;0;0;0;0;0;0;0;0;0;0
0;0;0;0;0;0;0;0;0;0;0;0;j;j;j;j;j;j;j;j;j;j;j;j;j;j;j;j;j;j;j;j;j;j;0;0;0;0;0;0;0;0;0;j;j;j;j;j;j;j;j;j;j;j;j;j;j;j;j;j;j;j;j;0;0;0;0;0;0;0;0;0;0;0;0;0;0;0;0;0
0;0;0;0;0;0;0;0;0;0;0;0;j;j;j;j;j;j;j;j;j;j;j;j;j;j;j;j;j;j;j;j;j;j;0;0;0;0;0;0;0;0;j;j;j;j;j;j;j;j;j;j;j;j;j;j;j;j;j;j;j;j;j;0;0;0;0;0;0;0;0;0;0;0;0;0;0;0;0;0
0;0;0;0;0;0;0;0;0;0;0;0;j;j;j;j;j;j;j;j;j;j;j;j;j;j;j;j;j;j;j;j;j;j;0;0;0;0;0;0;0;0;j;j;j;j;j;j;j;j;j;j;j;j;j;j;j;j;j;j;j;j;j;0;0;0;0;0;0;0;0;0;0;0;0;0;0;0;0;0
0;0;0;0;0;0;0;0;0;0;0;0;j;j;j;j;j;j;j;j;j;j;j;j;j;j;j;j;j;j;j;j;j;j;0;0;0;0;0;0;0;0;j;j;j;j;j;j;j;j;j;j;j;j;j;j;j;j;j;j;j;j;j;0;0;0;0;0;0;0;0;0;0;0;0;0;0;0;0;0
0;0;0;0;0;0;0;0;0;0;0;0;j;j;j;j;j;j;j;j;j;j;j;j;j;j;j;j;j;j;j;j;j;j;0;0;0;0;0;0;0;0;j;j;j;j;j;j;j;j;j;j;j;j;j;j;j;j;j;j;j;j;j;0;0;0;0;0;0;0;0;0;0;0;0;0;0;0;0;0
0;0;0;0;0;0;0;0;0;0;0;0;j;j;j;j;j;j;j;j;j;j;j;j;j;j;j;j;j;j;j;j;j;j;0;0;0;0;0;0;0;0;j;j;j;j;j;j;j;j;j;j;j;j;j;j;j;j;j;j;j;j;j;0;0;0;0;0;0;0;0;0;0;0;0;0;0;0;0;0
0;0;0;0;0;0;0;0;0;0;0;0;j;j;j;j;j;j;j;j;j;j;j;j;j;j;j;j;j;j;j;j;j;j;j;0;0;0;0;0;0;0;j;j;j;j;j;j;j;j;j;j;j;j;j;j;j;j;j;j;j;j;j;0;0;0;0;0;0;0;0;0;0;0;0;0;0;0;0;0
0;0;0;0;0;0;0;0;0;0;0;0;j;j;j;j;j;j;j;j;j;j;j;j;j;j;j;j;j;j;j;j;j;j;j;0;0;0;0;0;0;0;j;j;j;j;j;j;j;j;j;j;j;j;j;j;j;j;j;j;j;j;j;0;0;0;0;0;0;0;0;0;0;0;0;0;0;0;0;0
0;0;0;0;0;0;0;0;0;0;0;0;j;j;j;j;j;j;j;j;j;j;j;j;j;j;j;j;j;j;j;j;j;j;j;0;0;0;0;0;0;0;j;j;j;j;j;j;j;j;j;j;j;j;j;j;j;j;j;j;j;j;j;0;0;0;0;0;0;0;0;0;0;0;0;0;0;0;0;0
0;0;0;0;0;0;0;0;0;0;0;0;j;j;j;j;j;j;j;j;j;j;j;j;j;j;j;j;j;j;j;j;j;j;j;0;0;0;0;0;0;0;j;j;j;j;j;j;j;j;j;j;j;j;j;j;j;j;j;j;j;j;j;0;0;0;0;0;0;0;0;0;0;0;0;0;0;0;0;0
0;0;0;0;0;0;0;0;0;0;0;0;j;j;j;j;j;j;j;j;j;j;j;j;j;j;j;j;j;j;j;j;j;j;0;0;0;0;0;0;0;0;j;j;j;j;j;j;j;j;j;j;j;j;j;j;j;j;j;j;j;j;j;0;0;0;0;0;0;0;0;0;0;0;0;0;0;0;0;0
0;0;0;0;0;0;0;0;0;0;0;0;j;j;j;j;j;j;j;j;j;j;j;j;j;j;j;j;j;j;j;j;j;j;0;0;0;0;0;0;0;0;j;j;j;j;j;j;j;j;j;j;j;j;j;j;j;j;j;j;j;j;j;0;0;0;0;0;0;0;0;0;0;0;0;0;0;0;0;0
0;0;0;0;0;0;0;0;0;0;0;0;j;j;j;j;j;j;j;j;j;j;j;j;j;j;j;j;j;j;j;j;j;j;0;0;0;0;0;0;0;0;j;j;j;j;j;j;j;j;j;j;j;j;j;j;j;j;j;j;j;j;j;0;0;0;0;0;0;0;0;0;0;0;0;0;0;0;0;0
0;0;0;0;0;0;0;0;0;0;0;0;j;j;j;j;j;j;j;j;j;j;j;j;j;j;j;j;j;j;j;j;j;j;0;0;0;0;0;0;0;0;j;j;j;j;j;j;j;j;j;j;j;j;j;j;j;j;j;j;j;j;j;0;0;0;0;0;0;0;0;0;0;0;0;0;0;0;0;0
0;0;0;0;0;0;0;0;0;0;0;0;j;j;j;j;j;j;j;j;j;j;j;j;j;j;j;j;j;j;j;j;j;j;0;0;0;0;0;0;0;0;j;j;j;j;j;j;j;j;j;j;j;j;j;j;j;j;j;j;j;j;j;0;0;0;0;0;0;0;0;0;0;0;0;0;0;0;0;0
0;0;0;0;0;0;0;0;0;0;0;0;j;j;j;j;j;j;j;j;j;j;j;j;j;j;j;j;j;j;j;j;j;j;0;0;0;0;0;0;0;0;j;j;j;j;j;j;j;j;j;j;j;j;j;j;j;j;j;j;j;j;j;0;0;0;0;0;0;0;0;0;0;0;0;0;0;0;0;0
0;0;0;0;0;0;0;0;0;0;0;0;j;j;j;j;j;j;j;j;j;j;j;j;j;j;j;j;j;j;j;j;j;j;0;0;0;0;0;0;0;0;j;j;j;j;j;j;j;j;j;j;j;j;j;j;j;j;j;j;j;j;j;0;0;0;0;0;0;0;0;0;0;0;0;0;0;0;0;0
0;0;0;0;0;0;0;0;0;0;0;0;j;j;j;j;j;j;j;j;j;j;j;j;j;j;j;j;j;j;j;j;j;j;0;0;0;0;0;0;0;0;j;j;j;j;j;j;j;j;j;j;j;j;j;j;j;j;j;j;j;j;j;0;0;0;0;0;0;0;0;0;0;0;0;0;0;0;0;0
0;0;0;0;0;0;0;0;0;0;0;0;j;j;j;j;j;j;j;j;j;j;j;j;j;j;j;j;j;j;j;j;j;j;0;0;0;0;0;0;0;0;j;j;j;j;j;j;j;j;j;j;j;j;j;j;j;j;j;j;j;j;j;0;0;0;0;0;0;0;0;0;0;0;0;0;0;0;0;0
0;0;0;0;0;0;0;0;0;0;0;0;j;j;j;j;j;j;j;j;j;j;j;j;j;j;j;j;j;j;j;j;j;j;0;0;0;0;0;0;0;0;0;j;j;j;j;j;j;j;j;j;j;j;j;j;j;j;j;j;j;j;j;0;0;0;0;0;0;0;0;0;0;0;0;0;0;0;0;0
0;0;0;0;0;0;0;0;0;0;0;0;j;j;j;j;j;j;j;j;j;j;j;j;j;j;j;j;j;j;j;j;j;j;0;0;0;0;0;0;0;0;0;j;j;j;j;j;j;j;j;j;j;j;j;j;j;j;j;j;j;j;j;0;0;0;0;0;0;0;0;0;0;0;0;0;0;0;0;0
0;0;0;0;0;0;0;0;0;0;0;0;j;j;j;j;j;j;j;j;j;j;j;j;j;j;j;j;j;j;j;j;j;j;0;0;0;0;0;0;0;0;0;j;j;j;j;j;j;j;j;j;j;j;j;j;j;j;j;j;j;j;j;0;0;0;0;0;0;0;0;0;0;0;0;0;0;0;0;0
0;0;0;0;0;0;0;0;0;0;0;0;j;j;j;j;j;j;j;j;j;j;j;j;j;j;j;j;j;j;j;j;j;j;j;0;0;0;0;0;0;0;0;j;j;j;j;j;j;j;j;j;j;j;j;j;j;j;j;j;j;j;j;0;0;0;0;0;0;0;0;0;0;0;0;0;0;0;0;0
0;0;0;0;0;0;0;0;0;0;0;0;j;j;j;j;j;j;j;j;j;j;j;j;j;j;j;j;j;j;j;j;j;j;j;0;0;0;0;0;0;0;0;j;j;j;j;j;j;j;j;j;j;j;j;j;j;j;j;j;j;j;j;0;0;0;0;0;0;0;0;0;0;0;0;0;0;0;0;0
0;0;0;0;0;0;0;0;0;0;0;0;j;j;j;j;j;j;j;j;j;j;j;j;j;j;j;j;j;j;j;j;j;j;j;0;0;0;0;0;0;0;0;j;j;j;j;j;j;j;j;j;j;j;j;j;j;j;j;j;j;j;j;0;0;0;0;0;0;0;0;0;0;0;0;0;0;0;0;0
0;0;0;0;0;0;0;0;0;0;0;0;j;j;j;j;j;j;j;j;j;j;j;j;j;j;j;j;j;j;j;j;j;j;j;0;0;0;0;0;0;0;0;j;j;j;j;j;j;j;j;j;j;j;j;j;j;j;j;j;j;j;j;0;0;0;0;0;0;0;0;0;0;0;0;0;0;0;0;0
0;0;0;0;0;0;0;0;0;0;0;0;j;j;j;j;j;j;j;j;j;j;j;j;j;j;j;j;j;j;j;j;j;j;j;0;0;0;0;0;0;0;j;j;j;j;j;j;j;j;j;j;j;j;j;j;j;j;j;j;j;j;j;0;0;0;0;0;0;0;0;0;0;0;0;0;0;0;0;0
0;0;0;0;0;0;0;0;0;0;0;0;j;j;j;j;j;j;j;j;j;j;j;j;j;j;j;j;j;j;j;j;j;j;j;0;0;0;0;0;0;0;j;j;j;j;j;j;j;j;j;j;j;j;j;j;j;j;j;j;j;j;j;0;0;0;0;0;0;0;0;0;0;0;0;0;0;0;0;0
0;0;0;0;0;0;0;0;0;0;0;0;j;j;j;j;j;j;j;j;j;j;j;j;j;j;j;j;j;j;j;j;j;j;0;0;0;0;0;0;0;0;j;j;j;j;j;j;j;j;j;j;j;j;j;j;j;j;j;j;j;j;j;0;0;0;0;0;0;0;0;0;0;0;0;0;0;0;0;0
0;0;0;0;0;0;0;0;0;0;0;0;j;j;j;j;j;j;j;j;j;j;j;j;j;j;j;j;j;j;j;j;j;j;0;0;0;0;0;0;0;0;j;j;j;j;j;j;j;j;j;j;j;j;j;j;j;j;j;j;j;j;j;0;0;0;0;0;0;0;0;0;0;0;0;0;0;0;0;0
0;0;0;0;0;0;0;0;0;0;0;0;j;j;j;j;j;j;j;j;j;j;j;j;j;j;j;j;j;j;j;j;j;j;0;0;0;0;0;0;0;0;j;j;j;j;j;j;j;j;j;j;j;j;j;j;j;j;j;j;j;j;j;0;0;0;0;0;0;0;0;0;0;0;0;0;0;0;0;0
0;0;0;0;0;0;0;0;0;0;0;0;j;j;j;j;j;j;j;j;j;j;j;j;j;j;j;j;j;j;j;j;j;j;0;0;0;0;0;0;0;0;j;j;j;j;j;j;j;j;j;j;j;j;j;j;j;j;j;j;j;j;j;0;0;0;0;0;0;0;0;0;0;0;0;0;0;0;0;0
0;0;0;0;0;0;0;0;0;0;0;0;j;j;j;j;j;j;j;j;j;j;j;j;j;j;j;j;j;j;j;j;j;j;0;0;0;0;0;0;0;0;j;j;j;j;j;j;j;j;j;j;j;j;j;j;j;j;j;j;j;j;j;0;0;0;0;0;0;0;0;0;0;0;0;0;0;0;0;0
0;0;0;0;0;0;0;0;0;0;0;0;j;j;j;j;j;j;j;j;j;j;j;j;j;j;j;j;j;j;j;j;j;j;0;0;0;0;0;0;0;0;j;j;j;j;j;j;j;j;j;j;j;j;j;j;j;j;j;j;j;j;j;0;0;0;0;0;0;0;0;0;0;0;0;0;0;0;0;0
0;0;0;0;0;0;0;0;0;0;0;0;j;j;j;j;j;j;j;j;j;j;j;j;j;j;j;j;j;j;j;j;j;j;0;0;0;0;0;0;0;0;j;j;j;j;j;j;j;j;j;j;j;j;j;j;j;j;j;j;j;j;j;0;0;0;0;0;0;0;0;0;0;0;0;0;0;0;0;0
0;0;0;0;0;0;0;0;0;0;0;0;j;j;j;j;j;j;j;j;j;j;j;j;j;j;j;j;j;j;j;j;j;j;0;0;0;0;0;0;0;0;j;j;j;j;j;j;j;j;j;j;j;j;j;j;j;j;j;j;j;j;j;0;0;0;0;0;0;0;0;0;0;0;0;0;0;0;0;0
0;0;0;0;0;0;0;0;0;0;0;0;j;j;j;j;j;j;j;j;j;j;j;j;j;j;j;j;j;j;j;j;j;j;0;0;0;0;0;0;0;0;j;j;j;j;j;j;j;j;j;j;j;j;j;j;j;j;j;j;j;j;j;0;0;0;0;0;0;0;0;0;0;0;0;0;0;0;0;0
0;0;0;0;0;0;0;0;0;0;0;0;j;j;j;j;j;j;j;j;j;j;j;j;j;j;j;j;j;j;j;j;j;j;0;0;0;0;0;0;0;0;j;j;j;j;j;j;j;j;j;j;j;j;j;j;j;j;j;j;j;j;j;0;0;0;0;0;0;0;0;0;0;0;0;0;0;0;0;0
0;0;0;0;0;0;0;0;0;0;0;0;j;j;j;j;j;j;j;j;j;j;j;j;j;j;j;j;j;j;j;j;j;j;0;0;0;0;0;0;0;0;j;j;j;j;j;j;j;j;j;j;j;j;j;j;j;j;j;j;j;j;j;0;0;0;0;0;0;0;0;0;0;0;0;0;0;0;0;0
0;0;0;0;0;0;0;0;0;0;0;0;j;j;j;j;j;j;j;j;j;j;j;j;j;j;j;j;j;j;j;j;j;j;0;0;0;0;0;0;0;0;j;j;j;j;j;j;j;j;j;j;j;j;j;j;j;j;j;j;j;j;j;0;0;0;0;0;0;0;0;0;0;0;0;0;0;0;0;0
0;0;0;0;0;0;0;0;0;0;0;0;j;j;j;j;j;j;j;j;j;j;j;j;j;j;j;j;j;j;j;j;j;j;0;0;0;0;0;0;0;0;j;j;j;j;j;j;j;j;j;j;j;j;j;j;j;j;j;j;j;j;j;0;0;0;0;0;0;0;0;0;0;0;0;0;0;0;0;0
0;0;0;0;0;0;0;0;0;0;0;0;j;j;j;j;j;j;j;j;j;j;j;j;j;j;j;j;j;j;j;j;j;j;0;0;0;0;0;0;0;0;j;j;j;j;j;j;j;j;j;j;j;j;j;j;j;j;j;j;j;j;j;0;0;0;0;0;0;0;0;0;0;0;0;0;0;0;0;0
0;0;0;0;0;0;0;0;0;0;0;0;j;j;j;j;j;j;j;j;j;j;j;j;j;j;j;j;j;j;j;j;j;j;0;0;0;0;0;0;0;0;j;j;j;j;j;j;j;j;j;j;j;j;j;j;j;j;j;j;j;j;j;j;j;j;j;j;j;j;j;j;j;0;0;0;0;0;0;0
0;0;0;0;0;0;0;0;0;0;0;0;j;j;j;j;j;j;j;j;j;j;j;j;j;j;j;j;j;j;j;j;j;j;0;0;0;0;0;0;0;0;j;j;j;j;j;j;j;j;j;j;j;j;j;j;j;j;j;j;j;j;j;j;j;j;j;j;j;j;j;j;j;0;0;0;0;0;0;0
0;0;0;0;0;0;0;0;0;0;0;0;j;j;j;j;j;j;j;j;j;j;j;j;j;j;j;j;j;j;j;j;j;j;j;0;0;0;0;0;0;0;j;j;j;j;j;j;j;j;j;j;j;j;j;j;j;j;j;j;j;j;j;j;j;j;j;j;j;j;j;j;j;0;0;0;0;0;0;0
0;0;0;0;0;0;0;0;0;0;0;0;j;j;j;j;j;j;j;j;j;j;j;j;j;j;j;j;j;j;j;j;j;j;j;0;0;0;0;0;0;0;j;j;j;j;j;j;j;j;j;j;j;j;j;j;j;j;j;j;j;j;j;j;j;j;j;j;j;j;j;j;j;0;0;0;0;0;0;0
0;0;0;0;0;0;0;0;0;0;0;0;j;j;j;j;j;j;j;j;j;j;j;j;j;j;j;j;j;j;j;j;j;j;j;0;0;0;0;0;0;0;j;j;j;j;j;j;j;j;j;j;j;j;j;j;j;j;j;j;j;j;j;j;j;j;j;j;j;j;j;j;j;0;0;0;0;0;0;0
0;0;0;0;0;0;0;0;0;0;0;0;j;j;j;j;j;j;j;j;j;j;j;j;j;j;j;j;j;j;j;j;j;j;j;0;0;0;0;0;0;0;j;j;j;j;j;j;j;j;j;j;j;j;j;j;j;j;j;j;j;j;j;j;j;j;j;j;j;j;j;j;j;0;0;0;0;0;0;0
0;0;0;0;0;0;0;0;0;0;0;0;j;j;j;j;j;j;j;j;j;j;j;j;j;j;j;j;j;j;j;j;j;j;j;0;0;0;0;0;0;0;j;j;j;j;j;j;j;j;j;j;j;j;j;j;j;j;j;j;j;j;j;j;j;j;j;j;j;j;j;j;j;0;0;0;0;0;0;0
0;0;0;0;0;0;0;0;0;0;0;0;j;j;j;j;j;j;j;j;j;j;j;j;j;j;j;j;j;j;j;j;j;j;0;0;0;0;0;0;0;0;j;j;j;j;j;j;j;j;j;j;j;j;j;j;j;j;j;j;j;j;j;j;j;j;j;j;j;j;j;j;j;0;0;0;0;0;0;0
0;0;0;0;0;0;0;0;0;0;0;0;j;j;j;j;j;j;j;j;j;j;j;j;j;j;j;j;j;j;j;j;j;j;0;0;0;0;0;0;0;0;j;j;j;j;j;j;j;j;j;j;j;j;j;j;j;j;j;j;j;j;j;j;j;j;j;j;j;j;j;j;j;0;0;0;0;0;0;0
0;0;0;0;0;0;0;0;0;0;0;0;j;j;j;j;j;j;j;j;j;j;j;j;j;j;j;j;j;j;j;j;j;j;0;0;0;0;0;0;0;0;0;j;j;j;j;j;j;j;j;j;j;j;j;j;j;j;j;j;j;j;j;j;j;j;j;j;j;j;j;j;j;0;0;0;0;0;0;0
0;0;0;0;0;0;0;0;0;0;0;0;j;j;j;j;j;j;j;j;j;j;j;j;j;j;j;j;j;j;j;j;j;j;0;0;0;0;0;0;0;0;0;j;j;j;j;j;j;j;j;j;j;j;j;j;j;j;j;j;j;j;j;j;j;j;j;j;j;j;j;j;j;0;0;0;0;0;0;0
0;0;0;0;0;0;0;0;0;0;0;0;0;0;0;0;0;0;0;0;0;0;j;j;j;j;j;j;j;j;j;j;j;j;0;0;0;0;0;0;0;0;0;j;j;j;j;j;j;j;j;j;j;j;j;j;j;j;j;j;j;j;j;j;j;j;j;j;j;j;j;j;j;0;0;0;0;0;0;0
0;0;0;0;0;0;0;0;0;0;0;0;0;0;0;0;0;0;0;0;0;0;j;j;j;j;j;j;j;j;j;j;j;j;0;0;0;0;0;0;0;0;0;j;j;j;j;j;j;j;j;j;j;j;j;j;j;j;j;j;j;j;j;j;j;j;j;j;j;j;j;j;j;j;j;j;j;j;j;j
0;0;0;0;0;0;0;0;0;0;0;0;0;0;0;0;0;0;0;0;0;0;0;0;0;j;j;j;j;j;j;j;j;j;0;0;0;0;0;0;0;0;0;j;j;j;j;j;j;j;j;j;j;j;j;j;j;j;j;j;j;j;j;j;j;j;j;j;j;j;j;j;j;j;j;j;j;j;j;j
0;0;0;0;0;0;0;0;0;0;0;0;0;0;0;0;0;0;0;0;0;0;0;0;0;j;j;j;j;j;j;j;j;0;0;0;0;0;0;0;0;0;0;j;j;j;j;j;j;j;j;j;j;j;j;j;j;j;j;j;j;j;j;j;j;j;j;j;j;j;j;j;j;j;j;j;j;j;j;j
0;0;0;0;0;0;0;0;0;0;0;0;0;0;0;0;0;0;0;0;0;0;0;0;0;j;j;j;j;j;j;j;j;0;0;0;0;0;0;0;0;0;0;j;j;j;j;j;j;j;j;j;j;j;j;j;j;j;j;j;j;j;j;j;j;j;j;j;j;j;j;j;j;j;j;j;j;j;j;j
0;0;0;0;0;0;0;0;0;0;0;0;0;0;0;0;0;0;0;0;0;0;0;0;0;0;0;0;j;j;j;j;j;0;0;0;0;0;0;0;0;0;0;0;j;j;j;j;j;j;j;j;j;j;j;j;j;j;j;j;j;j;j;j;j;j;j;j;j;j;j;j;j;j;j;j;j;j;j;j
0;0;0;0;0;0;0;0;0;0;0;0;0;0;0;0;0;0;0;0;0;0;0;0;0;0;0;0;j;j;j;j;j;0;0;0;0;0;0;0;0;0;0;0;0;j;j;j;j;j;j;j;j;j;j;j;j;j;j;j;j;j;j;j;j;j;j;j;j;j;j;j;j;j;j;j;j;j;j;j
0;0;0;0;0;0;0;0;0;0;0;0;0;0;0;0;0;0;0;0;0;0;0;0;0;0;0;0;j;j;j;j;j;0;0;0;0;0;0;0;0;0;0;0;0;j;j;j;j;j;j;j;j;j;j;j;j;j;j;j;j;j;j;j;j;j;j;j;j;j;j;j;j;j;j;j;j;j;j;j
0;0;0;0;0;0;0;0;0;0;0;0;0;0;0;0;0;0;0;0;0;0;0;0;0;0;0;0;j;j;j;j;j;0;0;0;0;0;0;0;0;0;0;0;0;j;j;j;j;j;j;j;j;j;j;j;j;j;j;j;j;j;j;j;j;j;j;j;j;j;j;j;j;j;j;j;j;j;j;j
0;0;0;0;0;0;0;0;0;0;0;0;0;0;0;0;0;0;0;0;0;0;0;0;0;0;0;0;j;j;j;j;j;0;0;0;0;0;0;0;0;0;0;0;0;j;j;j;j;j;j;j;j;j;j;j;j;j;j;j;j;j;j;j;j;j;j;j;j;j;j;j;j;j;j;j;j;j;j;j
0;0;0;0;0;0;0;0;0;0;0;0;0;0;0;0;0;0;0;0;0;0;0;0;0;0;0;0;j;j;j;j;j;0;0;0;0;0;0;0;0;0;0;0;0;j;j;j;j;j;j;j;j;j;j;j;j;j;j;j;j;j;j;j;j;j;j;j;j;j;j;j;j;j;j;j;j;j;j;j
0;0;0;0;0;0;0;0;0;0;0;0;0;0;0;0;0;0;0;0;0;0;0;0;0;0;0;0;j;j;j;j;j;0;0;0;0;0;0;0;0;0;0;0;0;j;j;j;j;j;j;j;j;j;j;j;j;j;j;j;j;j;j;j;j;j;j;j;j;j;j;j;j;j;j;j;j;j;j;j
0;0;0;0;0;0;0;0;0;0;0;0;0;0;0;0;0;0;0;0;0;0;0;0;j;j;j;j;j;j;j;j;j;0;0;0;0;0;0;0;0;0;0;0;0;j;j;j;j;j;j;j;j;j;j;j;j;j;j;j;j;j;j;j;j;j;j;j;j;j;j;j;j;j;j;j;j;j;j;j
0;0;0;0;0;0;0;0;0;0;0;0;0;0;0;0;0;0;0;0;0;0;0;0;j;j;j;j;j;j;j;j;0;0;0;0;0;0;0;0;0;0;0;0;0;j;j;0;0;0;j;j;j;j;j;j;j;j;j;j;j;j;j;j;j;j;j;j;j;j;j;j;j;j;j;j;j;j;j;j
0;0;0;0;0;0;0;0;0;0;0;0;0;0;0;0;0;0;0;0;0;0;0;0;j;j;j;j;j;j;j;j;0;0;0;0;0;0;0;0;0;0;0;0;0;0;0;0;0;0;j;j;j;j;j;j;j;j;j;j;j;j;j;j;j;j;j;j;j;j;j;j;j;j;j;j;j;j;j;j
0;0;0;0;0;0;0;0;0;0;0;0;0;0;0;0;0;0;0;0;0;0;0;0;j;j;j;j;j;j;j;j;0;0;0;0;0;0;0;0;0;0;0;0;0;0;0;0;0;0;j;j;j;j;0;0;0;0;0;0;0;0;0;0;0;j;j;j;j;j;j;j;j;j;j;j;j;j;j;j
0;0;0;0;0;0;0;0;0;0;0;0;0;0;0;0;0;0;0;0;0;0;0;0;j;j;j;j;j;j;j;j;0;0;0;0;0;0;0;0;0;0;0;0;0;0;0;0;0;0;j;j;j;j;0;0;0;0;0;0;0;0;0;0;0;j;j;j;j;j;j;j;j;j;j;j;j;j;j;j
0;0;0;0;0;0;0;0;0;0;0;0;0;0;0;0;0;0;0;0;0;0;0;0;j;j;j;j;j;j;j;j;0;0;0;0;0;0;0;0;0;0;0;0;0;0;0;0;0;0;j;j;0;0;0;0;0;0;0;0;0;0;0;0;0;j;j;0;0;0;0;j;j;j;j;j;j;j;j;j
0;0;0;0;0;0;0;0;0;0;0;0;0;0;0;0;0;0;0;0;0;0;0;j;j;j;j;j;j;j;j;j;j;j;j;0;0;0;0;0;0;0;0;0;0;0;0;0;0;0;j;j;0;0;0;0;0;0;0;0;0;0;0;0;0;0;0;0;0;0;0;j;j;j;j;j;j;j;j;j
0;0;0;0;0;0;0;0;0;0;0;0;0;0;0;0;0;0;0;0;0;0;0;j;j;j;j;j;j;j;j;j;j;j;j;0;0;0;0;0;0;0;0;0;0;0;0;0;0;0;j;0;0;0;0;0;0;0;0;0;0;0;0;0;0;0;0;0;0;0;0;j;j;j;j;j;j;j;j;j
0;0;0;0;0;0;0;0;0;0;0;0;j;j;j;j;j;j;j;j;j;j;j;j;j;j;j;j;j;j;j;j;j;j;j;j;j;j;j;j;j;0;0;0;0;0;0;0;0;0;0;0;0;0;0;0;0;0;0;0;0;0;0;0;0;0;0;0;0;0;0;0;j;j;j;j;j;j;0;0
0;0;0;0;0;0;0;0;0;0;0;0;j;j;j;j;j;j;j;j;j;j;j;j;j;j;j;j;j;j;j;j;j;j;j;j;j;j;j;j;j;0;0;0;0;0;0;0;0;0;0;0;0;0;0;0;0;0;0;0;0;0;0;0;0;0;0;0;0;0;0;0;0;0;j;j;j;j;0;0
0;0;0;0;0;0;0;0;0;0;0;0;j;j;j;j;j;j;j;j;j;j;j;j;j;j;j;j;j;j;j;j;j;j;j;j;j;j;j;j;j;j;0;0;0;0;0;0;0;0;0;0;0;0;0;0;0;0;0;0;0;0;0;0;0;0;0;0;0;0;0;0;0;0;j;j;j;j;0;0
0;0;0;0;0;0;0;0;0;0;0;0;j;j;j;j;j;j;j;j;j;j;j;j;j;j;j;j;j;j;j;j;j;j;j;j;j;j;j;j;j;j;0;0;0;0;0;0;0;0;0;0;0;0;0;0;0;0;0;0;0;0;0;0;0;0;0;0;0;0;0;0;0;0;0;0;j;j;0;0
0;0;0;0;0;0;0;0;0;0;0;0;j;j;j;j;j;j;j;j;j;j;j;j;j;j;j;j;j;j;j;j;j;j;j;j;j;j;j;j;j;j;0;0;0;0;0;0;0;0;0;0;0;0;0;0;0;0;0;0;0;0;0;0;0;0;0;0;0;0;0;0;0;0;0;0;j;j;j;j
0;0;0;0;0;0;0;0;0;0;0;0;j;j;j;j;j;j;j;j;j;j;j;j;j;j;j;j;j;j;j;j;j;j;j;j;j;j;j;j;j;j;j;j;0;0;0;0;0;0;0;0;0;0;0;0;0;0;0;0;0;0;0;0;0;0;0;0;0;0;0;0;0;0;0;0;0;j;j;j
0;0;0;0;0;0;0;0;0;0;0;0;j;j;j;j;j;j;j;j;j;j;j;j;j;j;j;j;j;j;j;j;j;j;j;j;j;j;j;j;j;j;j;j;0;0;0;0;0;0;0;0;0;0;0;0;0;0;0;0;0;0;0;0;0;0;0;0;0;0;0;0;0;0;0;0;0;0;j;j
0;0;0;0;0;0;0;0;0;0;0;0;j;j;j;j;j;j;j;j;j;j;j;j;j;j;j;j;j;j;j;j;j;j;j;j;j;j;j;j;j;j;j;j;j;j;j;0;0;0;0;0;0;0;0;0;0;0;0;0;0;0;0;0;0;0;0;0;0;0;0;0;0;0;0;0;0;0;j;j
0;0;0;0;0;0;0;0;0;0;0;0;j;j;j;j;j;j;j;j;j;j;j;j;j;j;j;j;j;j;j;j;j;j;j;j;j;j;j;j;j;j;j;j;j;j;j;j;j;j;j;j;0;0;0;0;0;0;0;0;0;0;0;0;0;0;0;0;0;0;0;0;0;0;0;0;0;0;j;j
0;0;0;0;0;0;0;0;0;0;0;0;j;j;j;j;j;j;j;j;j;j;j;j;j;j;j;j;j;j;j;j;j;j;j;j;j;j;j;j;j;j;j;j;j;j;j;j;j;j;j;j;j;j;j;j;j;j;j;0;0;0;0;j;j;j;0;0;0;0;0;0;0;0;0;0;0;0;j;j
0;0;0;0;0;0;0;0;0;0;0;0;j;j;j;j;j;j;j;j;j;j;j;j;j;j;j;j;j;j;j;j;j;j;j;j;j;j;j;j;j;j;j;j;j;j;j;j;j;j;j;j;j;j;j;j;j;j;j;j;j;j;j;j;j;j;j;j;0;0;0;0;0;0;0;0;0;0;j;j
0;0;0;0;0;0;0;0;0;0;0;0;j;j;j;j;j;j;j;j;j;j;j;j;j;j;j;j;j;j;j;j;j;j;j;j;j;j;j;j;j;j;j;j;j;j;j;j;j;j;j;j;j;j;j;j;j;j;j;j;j;j;j;j;j;j;j;j;j;j;j;j;0;0;0;0;j;j;j;j
0;0;0;0;0;0;0;0;0;0;0;0;j;j;j;j;j;j;j;j;j;j;j;j;j;j;j;j;j;j;j;j;j;j;j;j;j;j;j;j;j;j;j;j;j;j;j;0;0;0;0;0;0;j;j;j;j;j;j;j;j;j;j;j;j;j;j;j;j;j;j;j;0;0;0;0;j;j;j;j
0;0;0;0;0;0;0;0;0;0;0;0;j;j;j;j;j;j;j;j;j;j;j;j;j;j;j;j;j;j;j;j;j;j;j;j;j;j;j;j;j;j;j;j;0;0;0;0;0;0;0;0;0;0;j;j;j;j;j;j;j;j;j;j;j;j;j;j;j;j;j;j;0;0;0;0;j;j;j;j
0;0;0;0;0;0;0;0;0;0;0;0;j;j;j;j;j;j;j;j;j;j;j;j;j;j;j;j;j;j;j;j;j;j;j;j;j;j;j;j;j;j;j;0;0;0;0;0;0;0;0;0;0;0;j;j;j;j;j;j;j;j;j;j;j;j;j;j;j;j;j;j;0;0;0;0;j;j;j;j
0;0;0;0;0;0;0;0;0;0;0;0;j;j;j;j;j;j;j;j;j;j;j;j;j;j;j;j;j;j;j;j;j;j;j;j;j;j;j;j;j;j;j;0;0;0;0;0;0;0;0;0;0;0;j;j;j;j;j;j;j;j;j;j;j;j;j;j;j;j;j;j;0;0;0;0;j;j;j;j
0;0;0;0;0;0;0;0;0;0;0;0;j;j;j;j;j;j;j;j;j;j;j;j;j;j;j;j;j;j;j;j;j;j;j;j;j;j;j;j;0;0;0;0;0;0;0;0;0;0;0;0;0;0;j;j;j;j;j;j;j;j;j;j;j;j;j;j;j;j;j;j;0;0;0;0;j;j;j;j
0;0;0;0;0;0;0;0;0;0;0;0;j;j;j;j;j;j;j;j;j;j;j;j;j;j;j;j;j;j;j;j;j;j;j;j;j;j;0;0;0;0;0;0;0;0;0;0;0;0;0;0;0;0;j;j;j;j;j;j;j;j;j;j;j;j;j;j;j;j;j;j;0;0;0;0;j;j;j;j
0;0;0;0;0;0;0;0;0;0;0;0;j;j;j;j;j;j;j;j;j;j;j;j;j;j;j;j;j;j;j;j;j;j;j;j;j;j;0;0;0;0;0;0;0;j;0;0;0;0;0;0;0;0;j;j;j;j;j;j;j;j;j;j;j;0;0;0;0;0;j;j;0;0;0;0;j;j;j;j
j;j;j;j;j;j;j;j;j;j;j;j;j;j;j;j;j;j;j;j;j;j;j;j;j;j;j;j;j;j;j;j;j;j;j;j;j;j;0;0;0;0;0;0;0;j;0;0;0;0;0;j;j;j;j;j;j;j;j;j;j;j;j;j;j;0;0;0;0;0;0;j;0;0;0;0;j;j;j;j
j;j;j;j;j;j;j;j;j;j;j;j;j;j;j;j;j;j;j;j;j;j;j;j;j;j;j;j;j;j;j;j;j;j;j;j;j;0;0;0;0;0;0;0;0;j;0;0;0;0;0;j;j;j;j;j;0;0;j;j;j;j;j;j;0;0;0;0;0;0;0;j;0;0;0;0;j;j;j;j
j;j;j;j;j;j;j;j;j;j;j;j;j;j;j;j;j;j;j;j;j;j;j;j;j;j;j;j;j;j;j;j;j;j;j;j;j;0;0;0;0;0;0;0;0;0;0;0;0;0;0;0;0;0;0;0;0;0;j;j;j;j;j;j;0;0;0;0;0;0;0;0;0;0;0;0;j;j;j;j
j;j;j;j;j;j;j;j;j;j;j;j;j;j;j;j;j;j;j;j;j;j;j;j;j;j;j;j;j;j;j;j;j;j;j;j;0;0;0;0;0;0;0;0;0;0;0;0;0;0;0;0;0;0;0;0;0;0;0;0;0;j;j;j;0;0;0;0;0;0;0;0;0;0;0;0;j;j;j;j
j;j;j;j;j;j;j;j;j;j;j;j;j;j;j;j;j;j;j;j;j;j;j;j;j;j;j;j;j;j;j;j;j;j;j;j;0;0;0;0;0;0;0;0;0;0;0;0;0;0;0;0;0;0;0;0;0;0;0;0;0;0;0;0;0;0;0;0;0;0;0;0;0;0;0;0;j;j;j;j
j;j;j;j;j;j;j;j;j;j;j;j;j;j;j;j;j;j;j;j;j;j;j;j;j;j;j;j;j;j;j;j;j;j;j;j;0;0;0;0;0;0;0;0;0;0;0;0;0;0;0;0;0;0;0;0;0;0;0;0;0;0;0;0;0;0;0;0;0;0;0;0;0;0;0;0;j;j;j;j
j;j;j;j;j;j;j;j;j;j;j;j;j;j;j;j;j;j;j;j;j;j;j;j;j;j;j;j;j;j;j;j;j;j;j;j;0;0;0;0;0;0;0;0;0;0;0;0;0;0;0;0;0;0;0;0;0;0;0;0;0;0;0;0;0;0;0;0;0;0;0;0;0;0;0;0;j;j;j;j
j;j;j;j;j;j;j;j;j;j;j;j;j;j;j;j;j;j;j;j;j;j;j;j;j;j;j;j;j;j;j;j;j;j;j;j;0;0;0;0;0;0;0;0;0;0;0;0;0;0;0;0;0;0;0;0;0;0;0;0;0;0;0;0;0;0;0;0;0;0;0;0;0;0;0;0;j;j;j;j
j;j;j;j;j;j;j;j;j;j;j;j;j;j;j;j;j;j;j;j;j;j;j;j;j;j;j;j;j;j;j;j;j;j;j;j;0;0;0;0;0;0;0;0;0;0;0;0;0;0;0;0;0;0;0;0;0;0;0;0;0;0;0;0;0;0;0;0;0;0;0;0;0;0;0;0;j;j;j;j
j;j;j;j;j;j;j;j;j;j;j;j;j;j;j;j;j;j;j;j;j;j;j;j;j;j;j;j;j;j;j;j;j;j;0;0;0;0;0;0;0;0;0;0;0;0;0;0;0;0;0;0;0;0;0;0;0;0;0;0;0;0;0;0;0;0;0;0;0;0;0;0;0;0;0;0;j;j;j;j
j;j;j;j;j;j;j;j;j;j;j;j;j;j;j;j;j;j;j;j;j;j;j;j;j;j;j;j;j;j;j;j;0;0;0;0;0;0;0;0;0;0;0;0;0;0;0;0;0;0;0;0;0;0;0;0;0;0;0;0;0;0;0;0;0;0;0;0;0;0;0;0;0;0;0;0;j;j;j;j
j;j;j;j;j;j;j;j;j;j;j;j;j;j;j;j;j;j;j;j;j;j;j;j;j;j;j;j;j;j;j;0;0;0;0;0;0;0;0;0;0;0;0;0;0;0;0;0;0;0;0;0;0;0;0;0;0;0;0;0;0;0;0;0;0;0;0;0;0;0;0;0;0;j;j;j;j;j;j;j
j;j;j;j;j;j;j;j;j;j;j;j;j;j;j;j;j;j;j;j;j;j;j;j;j;j;j;j;j;j;j;0;0;0;0;0;0;0;0;0;0;0;0;0;0;0;0;0;0;0;0;0;0;j;j;j;j;j;j;j;j;j;j;0;0;0;0;0;0;0;0;j;j;j;j;j;j;j;j;j
j;j;j;j;j;j;j;0;0;0;0;j;j;j;j;j;j;j;j;j;j;0;0;0;0;j;j;j;j;j;j;0;0;0;0;0;0;0;0;0;0;0;0;0;0;0;0;0;j;j;j;j;j;j;j;j;j;j;j;j;j;j;j;j;j;j;j;j;j;j;j;j;j;j;j;j;j;j;j;j
j;j;j;j;j;j;j;0;0;0;0;0;0;0;0;0;0;0;0;0;0;0;0;0;0;j;j;j;j;j;j;0;0;0;0;0;0;0;0;0;0;0;0;0;0;0;0;0;j;j;j;j;j;j;j;j;j;j;j;j;j;j;j;j;j;j;j;j;j;j;j;j;j;j;j;j;j;j;j;j
j;j;j;j;0;0;0;0;0;0;0;0;0;0;0;0;0;0;0;0;0;0;0;0;0;0;0;0;0;0;j;0;0;0;0;0;0;0;0;0;0;0;j;j;j;j;j;j;j;j;j;j;j;j;j;j;j;j;j;j;j;j;j;j;j;j;j;j;j;j;j;j;j;j;j;j;j;j;j;j
j;j;j;j;0;0;0;0;0;0;0;0;0;0;0;0;0;0;0;0;0;0;0;0;0;0;0;0;0;0;0;0;0;0;0;0;0;0;0;0;0;0;j;j;j;j;j;j;j;j;j;j;j;j;j;j;j;j;j;j;j;j;j;j;j;j;j;j;j;j;j;j;j;j;j;j;j;j;j;j
j;j;j;j;0;0;0;0;0;0;0;0;0;0;0;0;0;0;0;0;0;0;0;0;0;0;0;0;0;0;0;0;0;0;0;0;0;0;0;j;j;j;j;j;j;j;j;j;j;j;j;j;j;j;j;j;j;j;j;j;j;j;j;j;j;j;j;j;j;j;j;j;j;j;j;j;j;j;j;j
j;j;j;j;0;0;0;0;0;0;0;0;0;0;0;0;0;0;0;0;0;0;0;0;0;0;0;0;0;0;0;0;0;0;0;0;0;0;0;j;j;j;j;j;j;j;j;j;j;j;j;j;j;j;j;j;j;j;j;j;j;j;j;j;j;j;j;j;j;j;j;j;j;j;j;j;j;j;j;j
j;j;j;j;0;0;0;0;0;0;0;0;0;0;0;0;0;0;0;0;0;0;0;0;0;0;0;0;0;0;0;0;0;0;0;0;0;0;0;j;j;j;j;j;j;j;j;j;j;j;j;j;j;j;j;j;j;j;j;j;j;j;j;j;j;j;j;j;j;j;j;j;j;j;j;j;j;j;j;j
j;j;j;j;j;0;0;0;0;0;0;0;0;0;0;0;0;0;0;0;0;0;0;0;0;0;0;0;0;0;0;0;0;0;0;0;0;0;0;j;j;j;j;j;j;j;j;j;j;j;j;j;j;j;j;j;j;j;j;j;j;j;j;j;j;j;j;j;j;j;j;j;j;j;j;j;j;j;j;j
j;j;j;j;j;0;0;0;0;0;0;0;0;0;0;0;0;0;0;0;0;0;0;0;0;0;0;0;0;0;0;0;0;0;0;0;0;0;j;j;j;j;j;j;j;j;j;j;j;j;j;j;j;j;j;j;j;j;j;j;j;j;j;j;j;j;j;j;j;j;j;j;j;j;j;j;j;j;j;j
j;j;j;j;j;0;0;0;0;0;0;0;0;0;0;0;0;0;0;0;0;0;0;0;0;0;0;j;j;j;j;0;0;0;0;0;0;0;j;j;j;j;j;j;j;j;j;j;j;j;j;j;j;j;j;j;j;j;j;j;j;j;j;j;j;j;j;j;j;j;j;j;j;j;j;j;j;j;j;j
j;j;j;j;j;0;0;0;0;0;0;0;0;0;0;0;0;0;0;0;0;0;0;0;0;0;0;j;j;j;j;0;0;0;0;0;0;0;j;j;j;j;j;j;j;j;j;j;j;j;j;j;j;j;j;j;j;j;j;j;j;j;j;j;j;j;j;j;j;j;j;j;j;j;j;j;j;j;j;j
j;j;j;j;j;0;0;0;0;0;j;j;j;j;j;j;0;0;0;0;0;0;0;0;0;0;0;j;j;j;j;0;0;0;0;0;j;j;j;j;j;j;j;j;j;j;j;j;j;j;j;j;j;j;j;j;j;j;j;j;j;j;j;j;j;j;j;j;j;j;j;j;j;j;j;j;j;j;j;j
j;j;j;j;0;0;0;0;0;0;j;j;j;j;j;j;0;0;0;0;0;0;j;j;j;j;j;j;j;j;j;0;0;0;0;0;j;j;j;j;j;j;j;j;j;j;j;j;j;j;j;j;j;j;j;j;j;j;j;j;j;j;j;j;j;j;j;j;j;j;j;j;j;j;j;j;j;j;j;j
j;j;j;j;0;0;0;0;0;0;j;j;j;j;j;j;j;j;j;j;j;j;j;j;j;j;j;j;j;j;j;j;j;j;j;j;j;j;j;j;j;j;j;j;j;j;j;j;j;j;j;j;j;j;j;j;j;j;j;j;j;j;j;j;j;j;j;j;j;j;j;j;j;j;j;j;j;j;j;j
j;j;j;j;0;0;0;0;0;0;j;j;j;j;j;j;j;j;j;j;j;j;j;j;j;j;j;j;j;j;j;j;j;j;j;j;j;j;j;j;j;j;j;j;j;j;j;j;j;j;j;j;j;j;j;j;j;j;j;j;j;j;j;j;j;j;j;j;j;j;j;j;j;j;j;j;j;j;j;j
j;j;j;j;j;0;0;0;0;0;j;j;j;j;j;j;j;j;j;j;j;j;j;j;j;j;j;j;j;j;j;j;j;j;j;j;j;j;j;j;j;j;j;j;j;j;j;j;j;j;j;j;j;j;j;j;j;j;j;j;j;j;j;j;j;j;j;j;j;j;j;j;j;j;j;j;j;j;j;j
j;j;j;j;j;0;0;0;0;0;j;j;j;0;0;0;0;j;j;j;j;j;j;j;j;j;j;j;j;j;j;j;j;j;j;j;j;j;j;j;j;j;j;j;j;j;j;j;j;j;j;j;j;j;j;j;j;j;j;j;j;j;j;j;j;j;j;j;j;j;j;j;j;j;j;j;j;j;j;j
j;j;j;j;j;0;0;0;0;0;j;j;0;0;0;0;0;0;j;j;j;j;j;j;j;j;j;j;j;j;j;j;j;j;j;j;j;j;j;j;j;j;j;j;j;j;j;j;j;j;j;j;j;j;j;j;j;j;j;j;j;j;j;j;j;j;j;j;j;j;j;j;j;j;j;j;j;j;j;j
j;j;j;j;j;0;0;0;0;0;j;j;0;0;0;0;0;0;0;0;0;j;j;j;j;j;j;j;j;j;j;j;j;j;j;j;j;j;j;j;j;j;j;j;j;j;j;j;j;j;j;j;j;j;j;j;j;j;j;j;j;j;j;j;j;j;j;j;j;j;j;j;j;j;j;j;j;j;j;j
j;j;j;j;j;0;0;0;0;0;0;0;0;0;0;0;0;0;0;0;0;j;j;j;j;j;j;j;j;j;j;j;j;j;j;j;j;j;j;j;j;j;j;j;j;j;j;j;j;j;j;j;j;j;j;j;j;j;j;j;j;j;j;j;j;j;j;j;j;j;j;j;j;j;j;j;j;j;j;j
j;j;j;j;j;0;0;0;0;0;0;0;0;0;0;0;0;0;0;0;0;0;0;j;j;j;j;j;j;j;j;j;j;j;j;j;j;j;j;j;j;j;j;j;j;j;j;j;j;j;j;j;j;j;j;j;j;j;j;j;j;j;j;j;j;j;j;j;j;j;j;j;j;j;j;j;j;j;j;j
j;j;j;j;j;0;0;0;0;0;0;0;0;0;0;0;0;0;0;0;0;0;0;0;0;j;j;j;j;j;j;j;j;j;j;j;j;j;j;j;j;j;j;j;j;j;j;j;j;j;j;j;j;j;j;j;j;j;j;j;j;j;j;j;j;j;j;j;j;j;j;j;j;j;j;j;j;j;j;j
j;j;j;0;0;0;0;0;0;0;0;0;0;0;0;0;0;0;0;0;0;0;0;0;0;j;j;j;j;j;0;0;0;0;0;0;0;0;0;0;j;j;j;j;j;j;j;j;j;j;j;j;j;j;j;j;j;j;j;j;j;j;j;j;j;j;j;j;j;j;j;j;j;j;j;j;j;j;j;j
j;j;0;0;0;0;0;0;0;0;0;0;0;0;0;0;0;0;0;0;0;0;0;0;0;j;j;j;j;j;0;0;0;0;0;0;0;0;0;0;0;0;0;0;0;j;j;j;j;j;j;j;j;j;j;j;j;j;j;j;j;j;j;j;j;j;j;j;j;j;j;j;j;j;j;j;j;j;j;j
j;j;0;0;0;0;0;0;0;0;0;0;0;0;0;0;0;0;0;0;0;0;0;0;0;j;j;j;j;j;0;0;0;0;0;0;0;0;0;0;0;0;0;0;0;j;j;j;j;j;j;j;j;j;j;j;j;j;j;j;j;j;j;j;j;j;j;j;j;j;j;j;j;j;j;j;j;j;j;j
j;j;0;0;0;0;0;0;0;0;0;0;0;0;0;0;0;0;0;0;0;0;0;0;0;j;j;j;j;j;0;0;0;0;0;0;0;0;0;0;0;0;0;0;0;0;j;j;j;j;j;j;j;j;j;j;j;j;j;j;j;j;j;j;j;j;j;j;j;j;j;j;j;j;j;j;j;j;j;j
j;j;0;0;0;0;0;0;0;0;0;0;0;0;0;0;0;0;0;0;0;0;0;0;0;j;j;j;j;j;0;0;0;0;0;0;0;0;0;0;0;0;0;0;0;0;j;j;j;j;j;j;j;j;j;j;j;j;j;j;j;j;j;j;j;j;j;j;j;j;j;j;j;j;j;j;j;j;j;j
j;j;0;0;0;0;0;0;0;0;0;0;0;0;0;0;0;0;0;0;0;0;0;0;0;j;j;j;j;j;0;0;0;0;0;0;0;0;0;0;0;0;0;0;0;0;j;j;j;j;j;j;j;j;j;j;j;j;j;j;j;j;j;j;j;j;j;j;j;j;j;j;j;j;j;j;j;j;j;j
j;j;0;0;0;0;0;0;0;0;0;0;0;0;0;0;0;0;0;0;0;0;0;0;0;0;0;0;0;0;0;0;0;0;0;0;0;0;0;0;0;0;0;0;0;0;j;j;j;j;j;j;j;j;j;j;j;j;j;j;j;j;j;j;j;j;j;j;j;j;j;j;j;j;j;j;j;j;j;j
j;j;j;j;j;j;0;0;0;0;0;0;0;0;0;0;0;0;0;0;0;0;0;0;0;0;0;0;0;0;0;0;0;0;0;0;0;0;j;j;0;0;0;0;0;0;0;0;0;0;0;0;0;0;j;j;j;j;j;j;j;j;j;j;j;j;j;j;j;j;j;j;j;j;j;j;j;j;j;j
j;j;j;j;j;j;0;0;0;0;0;0;0;0;0;0;0;0;0;0;0;0;0;0;0;0;0;0;0;0;0;0;0;0;0;0;0;0;j;j;0;0;0;0;0;0;0;0;0;0;0;0;0;0;0;0;0;0;0;0;0;j;j;j;j;j;j;j;j;j;j;j;j;j;j;j;j;j;j;j
j;j;j;j;j;j;0;0;0;0;0;0;0;0;0;0;0;0;0;0;0;0;0;0;0;0;0;0;0;0;0;0;0;0;0;0;0;0;j;j;0;0;0;0;0;0;0;0;0;0;0;0;0;0;0;0;0;0;0;0;0;j;j;j;j;j;j;j;j;j;j;j;j;j;j;j;j;j;j;j
j;j;j;j;j;j;j;j;j;j;j;j;0;0;0;0;0;0;0;0;0;0;0;0;0;0;0;0;0;0;0;0;0;0;j;j;j;j;j;j;0;0;0;0;0;0;0;0;0;0;0;0;0;0;0;0;0;0;0;0;0;j;j;j;j;j;j;j;j;j;j;j;j;j;j;j;j;j;j;j
j;j;j;j;j;j;j;j;j;j;j;j;0;0;0;0;0;0;0;0;0;0;0;0;0;0;0;0;0;0;0;0;0;0;j;j;j;j;j;j;0;0;0;0;0;0;0;0;0;0;0;0;0;0;0;0;0;0;0;0;0;j;j;j;j;j;j;j;j;j;j;j;j;j;j;j;j;j;j;j
j;j;j;j;j;j;j;j;j;j;j;j;j;j;j;j;j;0;0;0;0;0;0;0;0;0;0;0;0;0;0;0;0;0;j;j;j;j;j;j;0;0;0;0;0;0;0;0;0;0;0;0;0;0;0;0;0;0;0;0;0;j;j;j;j;j;j;j;j;j;j;j;j;j;j;j;j;j;j;j
j;j;j;j;j;j;j;j;j;j;j;j;j;j;j;j;j;j;j;j;j;j;j;j;j;j;0;0;0;0;0;0;0;0;j;j;j;j;j;j;0;0;0;0;0;0;0;0;0;0;0;0;0;0;0;0;0;0;0;0;0;j;j;j;j;j;j;j;j;j;j;j;j;j;j;j;j;j;j;j
j;j;j;j;j;j;j;j;j;j;j;j;j;j;j;j;j;j;j;j;j;j;j;j;j;j;j;j;j;j;j;j;j;j;j;j;j;j;j;j;0;0;0;0;0;0;0;0;0;0;0;0;0;0;0;0;0;0;0;0;0;0;j;j;j;j;j;j;j;j;j;j;j;j;j;j;j;j;j;j
j;j;j;j;j;j;j;j;j;j;j;j;j;j;j;j;j;j;j;j;j;j;j;j;j;j;j;j;j;j;j;j;j;j;j;j;j;j;j;j;j;j;0;0;0;0;0;0;0;0;0;0;0;0;0;0;0;0;0;0;0;0;j;j;j;j;j;j;j;j;j;j;j;j;j;j;j;j;j;j
j;j;j;j;j;j;j;j;j;j;j;j;j;j;j;j;j;j;j;j;j;j;j;j;j;j;j;j;j;j;j;j;j;j;j;j;j;j;j;j;j;j;0;0;0;0;0;0;0;0;0;0;0;0;0;0;0;0;0;0;0;0;j;j;j;j;j;j;j;j;j;j;j;j;j;j;j;j;j;j
j;j;j;j;j;j;j;j;j;j;j;j;j;j;j;j;j;j;j;j;j;j;j;j;j;j;j;j;j;j;j;j;j;j;j;j;j;j;j;j;j;j;j;j;0;0;0;0;0;0;0;0;0;0;0;0;0;0;0;0;0;0;j;j;j;j;j;j;j;j;j;j;j;j;j;j;j;j;j;j
j;j;j;j;j;j;j;j;j;j;j;j;j;j;j;j;j;j;j;j;j;j;j;j;j;j;j;j;j;j;j;j;j;j;j;j;j;j;j;j;j;j;j;j;j;j;j;0;0;0;0;0;0;0;0;0;0;0;0;0;0;0;j;j;j;j;j;j;j;j;j;j;j;j;j;j;j;j;j;j
j;j;j;j;j;j;j;j;j;j;j;j;j;j;j;j;j;j;j;j;j;j;j;j;j;j;j;j;j;j;j;j;j;j;j;j;j;j;j;j;j;j;j;j;j;j;j;0;0;0;0;0;0;0;j;j;0;0;0;0;0;0;0;0;0;0;0;0;0;j;j;j;j;j;j;j;j;j;j;j
j;j;j;j;j;j;j;j;j;j;j;j;j;j;j;j;j;j;j;j;j;j;j;j;j;j;j;j;j;j;j;j;j;j;j;j;j;j;j;j;j;j;j;j;j;j;j;j;j;j;j;0;0;0;j;j;0;0;0;0;0;0;0;0;0;0;0;0;0;j;j;j;j;j;j;j;j;j;j;j
j;j;j;j;j;j;j;j;j;j;j;j;j;j;j;j;j;j;j;j;j;j;j;j;j;j;j;j;j;j;j;j;j;j;j;j;j;j;j;j;j;j;j;j;j;j;j;j;j;j;j;j;j;j;j;j;0;0;0;0;0;0;0;0;0;0;0;0;0;0;j;j;j;j;j;j;j;j;j;j
j;j;j;j;j;j;j;j;j;j;j;j;j;j;j;j;j;j;j;j;j;j;j;j;j;j;j;j;j;j;j;j;j;j;j;j;j;j;j;j;j;j;j;j;j;j;j;j;j;j;j;j;j;j;j;j;0;0;0;0;0;0;0;0;0;0;0;0;0;0;j;j;j;j;j;j;j;j;j;j
j;j;j;j;j;j;j;j;j;j;j;j;j;j;j;j;j;j;j;j;j;j;j;j;j;j;j;j;j;j;j;j;j;j;j;j;j;j;j;j;j;j;j;j;j;j;j;j;j;j;j;j;j;j;j;j;0;0;0;0;0;0;0;0;0;0;0;0;0;0;0;j;j;j;j;j;j;j;j;j
j;j;j;j;j;j;j;j;j;j;j;j;j;j;j;j;j;j;j;j;j;j;j;j;j;j;j;j;j;j;j;j;j;j;j;j;j;j;j;j;j;j;j;j;j;j;j;j;j;j;j;j;j;j;j;j;0;0;0;0;0;0;0;0;0;0;0;0;0;0;0;j;j;j;j;j;j;j;j;j
j;j;j;j;j;j;j;j;j;j;j;j;j;j;j;j;j;j;j;j;j;j;j;j;j;j;j;j;j;j;j;j;j;j;j;j;j;j;j;j;j;j;j;j;j;j;j;j;j;j;j;j;j;j;j;j;0;0;0;0;0;0;0;0;0;0;0;0;0;0;0;0;j;j;j;j;j;j;j;j
j;j;j;j;j;j;j;j;j;j;j;j;j;j;j;j;j;j;j;j;j;j;j;j;j;j;j;j;j;j;j;j;j;j;j;j;j;j;j;j;j;j;j;j;j;j;j;j;j;j;j;j;j;j;j;j;0;0;0;0;0;0;0;0;0;0;0;0;0;0;0;0;j;j;j;j;j;j;j;j
j;j;j;j;j;j;j;j;j;j;j;j;j;j;j;j;j;j;j;j;j;j;j;j;j;j;j;j;j;j;j;j;j;j;j;j;j;j;j;j;j;j;j;j;j;j;j;j;j;j;j;j;j;j;j;j;j;j;j;0;0;0;0;0;0;0;0;0;0;0;0;0;j;j;j;j;j;j;j;j
0;0;0;0;0;0;0;0;0;0;0;0;0;0;0;0;0;0;0;0;0;0;0;0;0;j;j;j;j;j;j;j;j;j;j;j;j;j;j;j;j;j;j;j;j;j;j;j;j;j;j;j;j;j;j;j;j;j;j;j;j;j;j;j;0;0;0;0;0;j;j;j;j;j;j;j;j;j;j;j
0;0;0;0;0;0;0;0;0;0;0;0;0;0;0;0;0;0;0;0;0;0;0;0;0;j;j;j;j;j;j;j;j;j;j;j;j;j;j;j;j;j;j;j;j;j;j;j;j;j;j;j;j;j;j;j;j;j;j;j;j;j;j;j;0;0;0;0;0;j;j;j;j;j;j;j;j;j;j;j
0;0;0;0;0;0;0;0;0;0;0;0;0;0;0;0;0;0;0;0;0;0;0;0;0;j;j;j;j;j;j;j;j;j;j;j;j;j;j;j;j;j;j;j;j;j;j;j;j;j;j;j;j;j;j;j;j;j;j;j;j;j;j;j;0;0;0;0;0;j;j;j;j;j;j;j;j;j;j;j
0;0;0;0;0;0;0;0;0;0;0;0;0;0;0;0;0;0;0;0;0;0;0;0;0;j;j;j;j;j;j;j;j;j;j;j;j;j;j;j;j;j;j;j;j;j;j;j;j;j;j;j;j;j;j;j;j;j;j;j;j;j;j;0;0;0;0;0;0;j;j;j;j;j;j;j;j;j;j;j
0;0;0;0;0;0;0;0;0;0;0;0;0;0;0;0;0;0;0;0;0;0;0;0;0;j;j;j;j;j;j;j;j;j;j;j;j;j;j;j;j;j;j;j;j;j;j;j;j;j;j;j;j;j;j;j;j;j;j;j;j;j;j;0;0;0;0;0;0;0;0;j;j;j;j;j;j;j;j;j
0;0;0;0;0;0;0;0;0;0;0;0;0;0;0;0;0;0;0;0;0;0;0;0;0;j;j;j;j;j;j;j;j;j;j;j;j;j;j;j;j;j;j;j;j;j;j;j;j;j;j;j;j;j;j;j;j;j;j;j;j;j;j;0;0;0;0;0;0;0;0;0;0;j;j;j;j;j;j;j
0;0;0;0;0;0;0;0;0;0;0;0;0;0;0;0;0;0;0;0;0;0;0;0;0;j;j;j;j;j;j;j;j;j;j;j;j;j;j;j;j;j;j;j;j;j;j;j;j;j;j;j;j;j;j;j;j;j;j;j;j;j;j;0;0;0;0;0;0;0;0;0;0;0;j;j;j;j;j;j
0;0;0;0;0;0;0;0;0;0;0;0;0;0;0;0;0;0;0;0;0;0;0;0;0;j;j;j;j;j;j;j;j;j;j;j;j;j;j;j;j;j;j;j;j;j;j;j;j;j;j;j;j;j;j;j;j;j;j;j;j;j;j;0;0;0;0;0;0;0;0;0;0;0;j;j;j;j;j;j
0;0;0;0;0;0;0;0;0;0;0;0;0;0;0;0;0;0;0;0;0;0;0;0;0;j;j;j;j;j;j;j;j;j;j;j;j;j;j;j;j;j;j;j;j;j;j;j;j;j;j;j;j;j;j;j;j;j;j;j;j;j;j;0;0;0;0;0;0;0;0;0;0;0;j;j;j;j;j;j
0;0;0;0;0;0;0;0;0;0;0;0;0;0;0;0;0;0;0;0;0;0;0;0;0;j;j;j;j;j;j;j;j;j;j;j;j;j;j;j;j;j;j;j;j;j;j;j;j;j;j;j;j;j;j;j;j;j;j;j;j;j;j;0;0;0;0;0;0;0;0;0;i;i;i;j;j;j;j;j
0;0;0;0;0;0;0;0;0;0;0;0;0;0;0;0;0;0;0;0;0;0;0;0;0;j;j;j;j;j;j;j;j;j;j;j;j;j;j;j;j;j;j;j;j;j;j;j;j;j;j;j;j;j;j;j;j;j;j;j;j;j;j;0;0;0;0;0;0;0;0;0;j;j;j;j;j;j;j;j
0;0;0;0;0;0;0;0;0;0;0;0;0;0;0;0;0;0;0;0;0;0;0;0;0;j;j;j;j;j;j;j;j;j;j;j;j;j;j;j;j;j;j;j;j;j;j;j;j;j;j;j;j;j;j;j;j;j;j;j;j;j;j;0;0;0;0;0;0;0;0;0;j;j;j;j;j;j;j;j
0;0;0;0;0;0;0;0;0;0;0;0;0;0;0;0;0;0;0;0;0;0;0;0;0;j;j;j;j;j;j;j;j;j;j;j;j;j;j;j;j;j;j;j;j;j;j;j;j;j;j;j;j;j;j;j;j;j;j;j;j;j;j;0;0;0;0;0;0;0;0;0;j;j;j;j;j;j;j;j
0;0;0;0;0;0;0;0;0;0;0;0;0;0;0;0;0;0;0;0;0;0;0;0;0;j;j;j;j;j;j;j;j;j;j;j;j;j;j;j;j;j;j;j;j;j;j;j;j;j;j;j;j;j;j;0;0;0;0;0;0;j;j;0;0;0;0;0;0;0;0;0;j;j;j;j;j;j;j;j
0;0;0;0;0;0;0;0;0;0;0;0;0;0;0;0;0;0;0;0;0;0;0;0;0;j;j;j;j;j;j;j;j;j;j;j;j;j;j;j;j;j;j;j;j;j;j;j;j;0;0;0;0;0;0;0;0;0;0;0;0;j;j;0;0;0;0;0;0;0;0;0;j;j;j;j;j;j;j;j
0;0;0;0;0;0;0;0;0;0;0;0;0;0;0;0;0;0;0;0;0;0;0;0;0;j;j;j;j;j;j;j;j;j;j;j;j;j;j;j;j;j;j;j;j;j;j;j;j;0;0;0;0;0;0;0;0;0;0;0;0;0;0;0;0;0;0;0;0;0;0;0;j;j;j;j;j;j;j;j
0;0;0;0;0;0;0;0;0;0;0;0;0;0;0;0;0;0;0;0;0;0;0;0;0;j;j;j;j;j;j;j;j;j;j;j;j;j;j;j;j;j;j;j;j;j;j;j;0;0;0;0;0;0;0;0;0;0;0;0;0;0;0;0;0;0;0;0;0;0;0;0;0;j;j;j;j;j;j;j
0;0;0;0;0;0;0;0;0;0;0;0;0;0;0;0;0;0;0;0;0;0;0;0;0;j;j;j;j;j;j;j;j;j;j;j;j;j;j;j;j;j;j;j;j;j;0;0;0;0;0;0;0;0;0;0;0;0;0;0;0;0;0;0;0;0;0;0;0;0;0;0;0;j;j;j;j;j;j;j
0;0;0;0;0;0;0;0;0;0;0;0;0;0;0;0;0;0;0;0;0;0;0;0;0;j;j;j;j;j;j;j;j;j;j;j;j;j;j;j;j;j;j;j;j;j;0;0;0;0;0;0;0;0;0;0;0;0;0;0;0;0;0;0;0;0;0;0;0;0;0;0;0;0;j;j;j;j;j;j
0;0;0;0;0;0;0;0;0;0;0;0;0;0;0;0;0;0;0;0;0;0;0;0;0;j;j;j;j;j;j;j;j;j;j;j;j;j;j;j;j;j;j;j;j;j;0;0;0;0;0;0;0;0;0;0;0;0;0;0;0;0;0;0;0;0;0;0;0;0;0;0;0;0;0;j;j;j;j;j
0;0;0;0;0;0;0;0;0;0;0;0;0;0;0;0;0;0;0;0;0;0;0;0;0;j;j;j;j;j;j;j;j;j;j;j;j;j;j;j;j;j;j;j;j;j;0;0;0;0;0;0;0;0;0;0;0;0;0;0;0;0;0;0;0;0;0;0;0;0;0;0;0;0;0;j;j;j;j;j
0;0;0;0;0;0;0;0;0;0;0;0;0;0;0;0;0;0;0;0;0;0;0;0;0;j;j;j;j;j;j;j;j;j;j;j;j;j;j;j;j;j;j;j;j;j;j;0;0;0;0;0;0;0;0;0;0;0;0;0;0;0;0;0;0;0;0;0;0;0;0;0;0;0;0;j;j;j;j;j
0;0;0;0;0;0;0;0;0;0;0;0;0;0;0;0;0;0;0;0;0;0;0;0;0;j;j;j;j;j;j;j;j;j;j;j;j;j;0;0;0;0;0;0;0;j;j;j;0;0;0;0;0;0;0;0;0;0;0;0;0;0;0;0;0;0;0;0;0;0;0;0;0;0;0;j;j;j;j;j
0;0;0;0;0;0;0;0;0;0;0;0;0;0;0;0;0;0;0;0;0;0;0;0;0;j;j;j;j;j;j;j;j;j;j;j;j;j;0;0;0;0;0;0;0;0;j;j;0;0;0;0;j;j;j;j;j;j;j;0;0;0;0;0;j;j;j;j;j;j;j;j;j;j;j;j;j;j;j;j
0;0;0;0;0;0;0;0;0;0;0;0;0;0;0;0;0;0;0;0;0;0;0;0;0;j;j;j;j;j;j;j;j;j;j;j;j;j;0;0;0;0;0;0;0;0;j;j;0;0;0;0;j;j;j;j;j;j;j;j;j;j;j;j;j;j;j;j;j;j;j;j;j;j;j;j;j;j;j;j
0;0;0;0;0;0;0;0;0;0;0;0;0;0;0;0;0;0;0;0;0;0;0;0;0;j;j;j;j;j;j;j;j;j;j;j;j;0;0;0;0;0;0;0;0;0;j;j;0;0;0;0;j;j;j;j;j;j;j;j;j;j;j;j;j;j;j;j;j;j;j;j;j;j;j;j;j;j;j;j
0;0;0;0;0;0;0;0;0;0;0;0;0;0;0;0;0;0;0;0;0;0;0;0;0;j;j;j;j;j;j;j;j;j;j;j;j;0;0;0;0;0;0;0;0;0;j;j;0;0;0;0;j;j;0;0;j;j;j;j;j;j;0;0;0;0;0;0;j;j;j;j;j;j;j;j;j;j;j;j
0;0;0;0;0;0;0;0;0;0;0;0;0;0;0;0;0;0;0;0;0;0;0;0;0;j;j;j;j;j;j;j;j;j;j;j;j;0;0;0;0;0;0;0;0;0;j;j;0;0;0;0;j;j;0;0;0;0;0;0;0;0;0;0;0;0;0;0;0;0;0;0;0;0;0;j;j;j;j;j
0;0;0;0;0;0;0;0;0;0;0;0;0;0;0;0;0;0;0;0;0;0;0;0;0;j;j;j;j;j;j;j;j;j;j;j;j;0;0;0;0;i;i;i;0;0;j;j;0;0;0;0;j;0;0;0;0;0;0;0;0;0;0;0;0;0;0;0;0;0;0;0;0;0;0;j;j;j;j;j
0;0;0;0;0;0;0;0;0;0;0;0;0;0;0;0;0;0;0;0;0;0;0;0;0;j;j;j;j;j;j;j;j;j;j;j;j;0;0;0;0;i;i;0;0;0;j;j;0;0;0;0;j;0;0;0;0;0;0;0;0;0;0;0;0;0;0;0;0;0;0;0;0;0;0;0;j;j;j;j
0;0;0;0;0;0;0;0;0;0;0;0;0;0;0;0;0;0;0;0;0;0;0;0;0;j;j;j;j;j;j;j;j;j;j;j;j;0;0;0;0;0;0;0;0;0;j;j;0;0;0;0;0;0;0;0;0;0;0;0;0;0;0;0;0;0;0;0;0;0;0;0;0;0;0;0;j;j;j;j
0;0;0;0;0;0;0;0;0;0;0;0;0;0;0;0;0;0;0;0;0;0;0;0;0;j;j;j;j;j;j;j;j;j;j;j;j;0;0;0;0;0;0;0;0;0;j;j;0;0;0;0;0;0;0;0;0;0;0;0;0;0;0;0;0;0;0;0;0;0;0;0;0;0;0;0;j;j;j;j
0;0;0;0;0;0;0;0;0;0;0;0;0;0;0;0;0;0;0;0;0;0;0;0;0;j;j;j;j;j;j;j;j;j;j;j;j;0;0;0;0;0;0;0;0;0;0;0;0;0;0;0;0;0;0;0;0;0;0;0;0;0;0;0;0;0;0;0;0;0;0;0;0;0;0;0;j;j;j;j
0;0;0;0;0;0;0;0;0;0;0;0;0;0;0;0;0;0;0;0;0;0;0;0;0;j;j;j;j;j;j;j;j;j;j;j;j;0;0;0;0;0;0;0;0;0;0;0;0;0;0;0;0;0;0;0;0;0;0;0;0;0;0;0;0;0;0;0;0;0;0;0;0;0;0;0;j;j;j;j
0;0;0;0;0;0;0;0;0;0;0;0;0;0;0;0;0;0;0;0;0;0;0;0;0;j;j;j;j;j;j;j;j;j;j;j;j;0;0;0;0;0;0;0;0;0;0;0;0;0;0;0;0;0;0;0;0;0;0;0;0;0;0;0;0;0;0;0;0;0;0;0;0;0;0;0;j;j;j;j
0;0;0;0;0;0;0;0;0;0;0;0;0;0;0;0;0;0;0;0;0;0;0;0;0;j;j;j;j;j;j;j;j;j;j;j;j;0;0;0;0;0;0;0;0;0;0;0;0;0;0;0;0;0;0;0;0;0;0;0;0;0;0;0;j;j;j;j;0;0;0;0;0;0;0;0;j;j;j;j
0;0;0;0;0;0;0;0;0;0;0;0;0;0;0;0;0;0;0;0;0;0;0;0;0;j;j;j;j;j;j;j;j;j;j;j;j;0;0;0;0;0;0;0;0;0;0;0;0;0;0;0;0;0;0;j;j;j;j;j;j;j;j;j;j;j;j;j;0;0;0;0;0;0;j;j;j;j;j;j
0;0;0;0;0;0;0;0;0;0;0;0;0;0;0;0;0;0;0;0;0;0;0;0;0;j;j;j;j;j;j;j;j;j;j;j;j;j;j;j;j;j;0;0;0;0;0;0;0;0;0;0;0;0;0;j;j;j;j;j;j;j;j;j;j;j;j;j;0;0;0;0;j;j;j;j;j;j;j;j
0;0;0;0;0;0;0;0;0;0;0;0;0;0;0;0;0;0;0;0;0;0;0;0;0;j;j;j;j;j;j;j;j;j;j;j;j;j;j;j;j;j;j;j;j;j;j;j;j;j;j;j;j;j;j;j;j;j;j;j;j;j;j;0;0;0;j;j;0;0;0;0;j;j;j;j;j;j;j;j
0;0;0;0;0;0;0;0;0;0;0;0;0;0;0;0;0;0;0;0;0;0;0;0;0;j;j;j;j;j;j;j;j;j;j;j;j;j;j;j;j;j;j;j;j;j;j;j;j;j;j;j;j;j;j;j;0;0;0;0;0;j;j;0;0;0;0;0;0;0;0;0;j;j;j;j;j;j;j;j
0;0;0;0;0;0;0;0;0;0;0;0;0;0;0;0;0;0;0;0;0;0;0;0;0;j;j;j;j;j;j;j;j;j;j;j;j;j;j;j;j;j;j;j;j;j;j;j;j;j;0;0;0;0;j;j;0;0;0;0;0;0;0;0;0;0;0;0;0;0;0;0;j;j;j;j;j;j;j;j
0;0;0;0;0;0;0;0;0;0;0;0;0;0;0;0;0;0;0;0;0;0;0;0;0;j;j;j;j;j;j;j;j;j;j;j;j;j;j;j;j;j;j;j;j;j;j;j;j;j;0;0;0;0;0;0;0;0;0;0;0;0;0;0;0;0;0;0;0;0;0;0;j;j;j;j;j;j;j;j
0;0;0;0;0;0;0;0;0;0;0;0;0;0;0;0;0;0;0;0;0;0;0;0;0;j;j;j;j;j;j;j;j;j;j;j;j;j;j;j;j;0;0;0;j;j;j;j;0;0;0;0;0;0;0;0;0;0;0;0;0;0;0;0;0;0;0;0;0;0;0;0;j;j;j;j;j;j;j;j
0;0;0;0;0;0;0;0;0;0;0;0;0;0;0;0;0;0;0;0;0;0;0;0;0;j;j;j;j;j;j;j;j;j;j;j;j;j;j;j;j;0;0;0;j;j;j;j;0;0;0;0;0;0;0;0;0;0;0;0;0;0;0;0;0;0;0;0;0;0;0;0;j;j;j;j;j;j;j;j
0;0;0;0;0;0;0;0;0;0;0;0;0;0;0;0;0;0;0;0;0;0;0;0;0;j;j;j;j;0;0;0;0;0;0;0;0;0;0;0;0;0;0;0;j;j;j;j;0;0;0;0;0;0;0;0;0;0;0;0;0;0;0;0;0;0;0;0;0;0;0;0;j;j;j;j;j;j;j;j
0;0;0;0;0;0;0;0;0;0;0;0;0;0;0;0;0;0;0;0;0;0;0;0;0;j;j;j;j;0;0;0;0;0;0;0;0;0;0;0;0;0;0;0;j;j;j;j;0;0;0;0;0;0;0;0;0;0;0;0;0;0;0;0;0;0;0;0;0;0;0;0;j;j;j;j;j;j;j;j
0;0;0;0;0;0;0;0;0;0;0;0;0;0;0;0;0;0;0;0;0;0;0;0;0;j;j;j;j;0;0;0;0;0;0;0;0;0;0;0;0;0;j;j;j;j;j;j;0;0;0;0;0;0;0;0;0;0;0;0;0;0;0;0;0;0;0;0;0;0;0;0;j;j;j;j;j;j;j;j
0;0;0;0;0;0;0;0;0;0;0;0;0;0;0;0;0;0;0;0;0;0;0;0;0;0;0;0;0;0;0;0;0;0;0;0;0;0;0;0;0;0;j;j;j;j;j;j;0;0;0;0;0;0;0;j;j;0;0;0;0;0;j;j;j;0;0;0;0;j;j;j;j;j;j;j;j;j;j;j
0;0;0;0;0;0;0;0;0;0;0;0;0;0;0;0;0;0;0;0;0;0;0;0;0;0;0;0;0;0;0;0;0;0;0;0;0;0;0;0;0;0;j;j;j;j;j;j;0;0;0;0;0;0;0;j;j;j;j;j;j;j;j;j;j;j;j;j;j;j;j;j;j;j;j;j;j;j;j;j
0;0;0;0;0;0;0;0;0;0;0;0;0;0;0;0;0;0;0;0;0;0;0;0;0;0;0;0;0;0;0;0;0;0;0;0;0;0;0;0;0;0;j;j;j;j;j;j;0;0;0;0;0;0;0;j;j;j;j;j;j;j;j;j;j;j;j;j;j;j;j;j;j;j;j;j;j;j;j;j
0;0;0;0;0;0;0;0;0;0;0;0;0;0;0;0;0;0;0;0;0;0;0;0;0;0;0;0;0;0;0;0;0;0;0;0;0;0;0;0;0;0;j;j;j;j;j;j;0;0;0;0;0;0;0;0;0;j;j;j;j;j;j;j;j;j;j;j;j;j;j;j;j;j;j;j;j;j;j;j
0;0;0;0;0;0;0;0;0;0;0;0;0;0;0;0;0;0;0;0;0;0;0;0;0;0;0;0;0;0;0;0;0;0;0;0;0;0;0;0;0;0;j;j;j;j;j;j;0;0;0;0;0;0;0;0;0;0;0;0;0;j;j;j;j;j;j;j;j;j;j;j;j;j;j;j;j;j;j;j
0;0;0;0;0;0;0;0;0;0;0;0;0;0;0;0;0;0;0;0;0;0;0;0;0;0;0;0;0;0;0;0;0;0;0;0;0;0;0;0;0;0;j;j;j;j;j;j;0;0;0;0;0;0;0;0;0;0;0;0;0;j;j;j;0;0;0;0;j;j;j;j;j;j;j;j;j;j;j;j
0;0;0;0;0;0;0;0;0;0;0;0;0;0;0;0;0;0;0;0;0;0;0;0;0;0;0;0;0;0;0;0;0;0;0;0;0;0;0;0;0;0;j;j;j;j;j;0;0;0;0;0;0;0;0;0;0;0;0;0;0;0;0;0;0;0;0;0;0;j;j;j;j;j;j;j;j;j;j;j
0;0;0;0;j;j;j;j;j;j;j;j;j;j;j;j;j;j;j;j;j;j;j;j;j;j;j;j;j;0;0;0;0;0;0;0;0;0;0;0;0;0;j;j;j;j;j;0;0;0;0;0;0;0;0;0;0;0;0;0;0;0;0;0;0;0;0;0;0;j;j;j;j;j;j;j;j;j;j;j
0;0;0;0;j;j;j;j;j;j;j;j;j;j;j;j;j;j;j;j;j;j;j;j;j;j;j;j;j;0;0;0;0;0;0;0;0;0;0;0;0;0;j;j;j;j;j;0;0;0;0;0;0;0;0;0;0;0;0;0;0;0;0;0;0;0;0;0;0;j;j;j;j;j;j;j;j;j;j;j
0;0;0;0;j;j;j;j;j;j;j;j;j;j;j;j;j;j;j;j;j;j;j;j;j;j;j;j;j;j;j;j;j;j;j;j;j;j;j;j;j;j;j;j;j;j;j;0;0;0;0;0;0;0;0;0;0;0;0;0;0;0;0;0;0;0;0;0;0;0;j;j;j;j;j;j;j;j;j;j
0;0;0;0;j;j;j;j;j;j;j;j;j;j;j;j;j;j;j;j;j;j;j;j;j;j;j;j;j;j;j;j;j;j;j;j;j;j;j;j;j;j;j;j;j;j;j;0;0;0;0;0;0;0;0;0;0;0;0;0;0;0;0;0;0;0;0;0;0;0;j;j;j;j;j;j;j;j;j;j
0;0;0;0;j;j;j;j;j;j;j;j;j;j;j;j;j;j;j;j;j;j;j;j;j;j;j;j;j;j;j;j;j;j;j;j;j;j;j;j;j;j;j;j;j;j;j;0;0;0;0;0;0;0;j;j;0;0;0;0;0;0;0;0;0;0;0;0;0;0;j;j;j;j;j;j;j;j;j;j
0;0;0;0;j;j;j;j;j;j;j;j;j;j;j;j;j;j;j;j;j;j;j;j;j;j;j;j;j;j;j;j;j;j;j;j;j;j;j;j;j;j;j;j;j;j;j;0;0;0;0;0;0;0;j;j;0;0;0;0;0;0;0;0;0;0;0;0;0;0;j;j;j;j;j;j;j;j;j;j
0;0;0;0;j;j;j;j;j;j;j;j;j;j;j;j;j;j;j;j;j;j;j;j;j;j;j;j;j;j;j;j;j;j;j;j;j;j;j;j;j;j;j;j;j;j;j;0;0;0;0;0;0;0;j;j;0;0;0;0;0;0;0;0;j;j;0;0;0;0;j;j;j;j;j;j;j;j;j;j
0;0;0;0;0;0;0;j;j;j;j;j;j;j;j;j;j;j;j;j;j;j;j;j;j;j;j;j;j;j;j;j;j;j;j;j;j;j;j;j;j;j;j;j;j;j;j;0;0;0;0;j;j;j;j;j;0;0;0;0;0;0;0;0;j;j;0;0;0;0;0;j;j;j;j;j;j;j;j;j
0;0;0;0;0;0;0;j;j;j;j;j;j;j;j;j;j;j;j;j;j;j;j;j;j;j;j;j;j;j;j;j;j;j;j;j;j;j;j;j;j;j;j;j;j;j;j;0;0;j;j;j;j;j;j;j;0;0;0;0;j;j;0;0;j;j;0;0;0;0;0;0;j;j;j;j;j;j;j;j
0;0;0;0;0;0;0;j;j;j;j;j;j;j;j;j;j;j;j;j;j;j;j;j;j;j;j;j;j;j;j;j;j;j;j;j;j;j;j;j;j;j;j;j;j;j;j;j;j;j;j;j;j;j;j;j;0;0;0;0;j;j;j;j;j;j;0;0;0;0;0;0;j;j;j;j;j;j;j;j
0;0;0;0;0;0;0;j;j;j;j;j;j;j;j;j;j;j;j;j;j;j;j;j;j;j;j;j;j;j;j;j;j;j;j;j;j;j;j;j;j;j;j;j;j;j;j;j;j;j;j;j;j;j;j;j;j;j;j;j;j;j;j;j;j;j;0;0;0;0;0;0;j;j;j;j;j;j;j;j
0;0;0;0;0;0;0;j;j;j;j;j;j;j;j;j;j;j;j;j;j;j;j;j;j;j;j;j;j;j;j;j;j;j;j;j;j;j;j;j;j;j;j;j;j;j;j;j;j;j;j;j;j;j;j;j;j;j;j;j;j;j;j;j;j;j;0;0;0;0;0;0;j;j;j;j;j;j;j;j
0;0;0;0;0;0;0;j;j;j;j;j;j;j;j;j;j;j;j;j;j;j;j;j;j;j;j;j;j;j;j;j;j;j;j;j;j;j;j;j;j;j;j;j;j;j;j;j;j;j;j;j;j;j;j;j;j;j;j;j;j;j;j;j;j;j;0;0;0;0;0;0;j;j;j;j;j;j;j;j
0;0;0;0;j;j;j;j;j;j;j;j;j;j;j;j;j;j;j;j;j;j;j;j;j;j;j;j;j;j;j;j;j;j;j;j;j;j;j;j;j;j;j;j;j;j;j;j;j;j;j;j;j;j;j;j;j;j;j;j;j;j;j;j;j;j;j;j;0;0;0;0;j;j;j;j;j;j;j;j
0;0;0;0;j;j;j;j;j;j;j;j;j;j;j;0;0;0;j;j;j;j;j;j;j;j;j;j;j;j;j;j;j;j;j;j;j;0;0;0;0;j;j;j;j;j;j;j;j;j;j;j;j;j;j;j;j;j;j;j;j;j;j;j;j;j;j;j;0;0;0;0;j;j;j;j;j;j;j;j
j;j;j;j;j;j;0;0;0;0;0;0;0;j;j;0;0;0;0;0;0;0;j;j;j;0;0;0;j;j;0;0;0;0;0;0;0;0;0;0;0;j;j;0;0;0;j;j;j;j;0;0;0;j;j;j;0;0;0;0;0;0;0;0;0;j;j;j;0;0;0;0;j;j;j;j;j;j;j;j
j;j;j;j;j;j;0;0;0;0;0;0;0;0;0;0;0;0;0;0;0;0;0;0;0;0;0;0;0;0;0;0;0;0;0;0;0;0;0;0;0;j;j;0;0;0;0;0;j;j;0;0;0;0;0;0;0;0;0;0;0;0;0;0;0;0;0;0;0;0;0;0;j;j;j;j;j;j;j;j
j;j;j;j;0;0;0;0;0;0;0;0;0;0;0;0;0;0;0;0;0;0;0;0;0;0;0;0;0;0;0;0;0;0;0;0;0;0;0;0;0;0;0;0;0;0;0;0;0;0;0;0;0;0;0;0;0;0;0;0;0;0;0;0;0;0;0;0;0;0;0;0;j;j;j;j;j;j;j;j
j;j;j;j;0;0;0;0;0;0;0;0;0;0;0;0;0;0;0;0;0;0;0;0;0;0;0;0;0;0;0;0;0;0;0;0;0;0;0;0;0;0;0;0;0;0;0;0;0;0;0;0;0;0;0;0;0;0;0;0;0;0;0;0;0;0;0;0;0;0;0;0;j;j;j;j;j;j;j;j
j;j;j;j;0;0;0;0;0;0;0;0;0;0;0;0;0;0;0;0;0;0;0;0;0;0;0;0;0;0;0;0;0;0;0;0;0;0;0;0;0;0;0;0;0;0;0;0;0;0;0;0;0;0;0;0;0;0;0;0;0;0;0;0;0;0;0;0;0;0;0;0;0;j;j;j;j;j;j;j
j;j;j;0;0;0;0;0;0;0;0;0;0;0;0;0;0;0;0;0;0;0;0;0;0;0;0;0;0;0;0;0;0;0;0;0;0;0;0;0;0;0;0;0;0;0;0;0;0;0;0;0;0;0;0;0;0;0;0;0;0;0;0;0;0;0;0;0;0;0;0;0;0;j;j;j;j;j;j;j
j;j;j;0;0;0;0;0;0;0;0;0;0;0;0;0;0;0;0;0;0;0;0;0;0;0;0;0;0;0;0;0;0;0;0;0;0;0;0;0;0;0;0;0;0;0;0;0;0;0;0;0;0;0;0;0;0;0;0;0;0;0;0;0;0;0;0;0;0;0;0;0;0;j;j;j;j;j;j;j
j;j;j;0;0;0;0;0;0;0;0;0;0;0;0;0;0;0;0;0;0;0;0;0;0;0;0;0;0;0;0;0;0;0;0;0;0;0;0;0;0;0;0;0;0;0;0;0;0;0;0;0;0;0;0;0;0;0;0;0;0;0;0;0;0;0;0;0;0;0;0;0;0;j;j;j;j;j;j;j
j;j;j;0;0;0;0;0;0;0;0;0;0;0;0;0;0;0;0;0;0;0;0;0;0;0;0;0;0;0;0;0;0;0;0;0;0;0;0;0;0;0;0;0;0;0;0;0;0;0;0;0;0;0;0;0;0;0;0;0;0;0;0;0;0;0;0;0;0;0;0;0;0;j;j;j;j;j;j;j
j;j;j;0;0;0;0;0;0;0;0;0;0;0;0;0;0;0;0;0;0;0;0;0;0;0;0;0;0;0;0;0;0;0;0;0;0;0;0;j;j;j;0;0;0;0;0;0;0;0;0;0;0;0;0;0;0;0;0;0;0;0;0;0;0;0;0;0;0;0;0;0;0;j;j;j;j;j;j;j
j;j;j;0;0;0;0;0;0;0;0;0;0;0;0;0;0;0;0;0;0;0;0;0;0;0;0;0;0;0;0;0;0;0;0;0;0;0;0;j;j;j;0;0;0;0;0;0;0;0;0;0;0;0;0;0;0;0;0;0;0;0;0;0;0;0;0;0;0;0;0;j;j;j;j;j;j;j;j;j
j;j;j;j;j;j;j;j;0;0;0;0;0;0;0;0;0;0;0;0;0;0;0;0;0;0;0;0;0;0;0;0;0;0;0;0;0;0;0;j;j;j;0;0;0;0;0;0;0;0;0;0;0;0;0;0;0;0;0;0;0;0;0;0;0;0;0;0;0;0;0;j;j;j;j;j;j;j;j;j
j;j;j;j;j;j;j;j;0;0;0;0;0;0;0;0;0;0;0;0;0;0;0;0;0;0;0;0;0;0;0;0;0;0;0;0;0;0;0;0;0;0;0;0;0;0;0;0;0;0;0;0;0;0;0;0;0;0;0;0;0;0;0;0;0;0;0;0;0;0;0;j;j;j;j;j;j;j;j;j
j;j;j;j;j;j;j;j;0;0;0;0;0;0;0;0;0;0;j;j;j;j;j;0;0;0;0;0;0;0;0;0;0;0;0;0;0;0;0;0;0;0;0;0;0;0;0;0;j;j;0;0;0;0;0;0;0;0;0;0;0;0;0;0;0;0;0;0;0;0;0;j;j;j;j;j;j;j;j;j
j;j;j;j;j;j;j;j;0;0;0;0;j;j;j;j;j;j;j;j;j;j;j;0;0;0;0;0;0;0;0;j;j;j;0;0;0;0;0;0;0;0;0;0;0;0;0;0;j;j;j;j;j;j;0;0;0;0;0;0;0;0;0;0;0;0;0;0;0;0;0;j;j;j;j;j;j;j;j;j
j;j;j;j;j;j;j;j;0;0;0;0;j;j;j;j;j;j;j;j;j;j;j;j;j;j;j;j;j;j;j;j;j;j;0;0;0;0;0;0;0;0;0;0;0;0;0;0;j;j;j;j;j;j;j;j;j;j;j;j;j;j;j;0;0;0;0;0;0;0;0;j;j;j;j;j;j;j;j;j
j;j;j;j;j;j;j;j;0;0;0;0;j;j;j;j;j;j;j;j;j;j;j;j;j;j;j;j;j;j;j;j;j;j;j;j;j;j;j;j;j;j;j;j;j;j;j;j;j;j;j;j;j;j;j;j;j;j;j;j;j;j;j;j;j;j;j;j;j;j;j;j;j;j;j;j;j;j;j;j
j;j;j;j;j;j;j;j;0;0;0;0;j;j;j;j;j;j;j;j;j;j;j;j;j;j;j;j;j;j;j;j;j;j;j;j;j;j;j;j;j;j;j;j;j;j;j;j;j;j;j;j;j;j;j;j;j;j;j;j;j;j;j;j;j;j;j;j;j;j;j;j;j;j;j;j;j;j;j;j
j;j;j;j;j;j;j;j;0;0;0;0;j;j;j;j;j;j;j;j;j;j;j;j;j;j;j;j;j;j;j;j;j;j;j;j;j;j;j;j;j;j;j;j;j;j;j;j;j;j;j;j;j;j;j;j;j;j;j;j;j;j;j;j;j;j;j;j;j;j;j;j;j;j;j;j;j;j;j;j
j;j;j;j;j;j;j;j;0;0;0;0;j;j;j;j;j;j;j;j;j;j;j;j;j;j;j;j;j;j;j;j;j;j;j;j;j;j;j;j;j;j;j;j;j;j;j;j;j;j;j;j;j;j;j;j;j;j;j;j;j;j;j;j;j;j;j;j;j;j;j;j;j;j;j;j;j;j;j;j
j;j;j;j;j;j;j;j;0;0;0;0;0;0;0;0;0;0;0;0;0;j;j;j;j;j;j;j;j;j;j;j;j;j;j;j;j;j;j;j;j;j;j;j;j;j;j;j;j;j;j;j;j;j;j;j;j;j;j;j;j;j;j;j;j;j;j;j;j;j;j;j;j;j;j;j;j;j;j;j
j;j;j;j;j;j;j;j;0;0;0;0;0;0;0;0;0;0;0;0;0;j;j;j;j;j;j;j;j;j;j;j;j;j;j;j;j;j;j;j;j;j;j;j;j;j;j;j;j;j;j;j;j;j;j;j;j;j;j;j;j;j;j;j;j;j;j;j;j;j;j;j;j;j;j;j;j;j;j;j
j;j;j;j;j;j;j;j;0;0;0;0;0;0;0;0;0;0;0;0;0;j;j;j;j;j;j;j;j;j;j;j;j;j;j;j;j;j;j;j;j;j;j;j;j;j;j;j;j;j;j;j;j;j;j;j;j;j;j;j;j;j;j;j;j;j;j;j;j;j;j;j;j;j;j;j;j;j;j;j
j;j;j;j;j;j;j;j;0;0;0;0;0;0;0;0;0;0;0;0;0;0;0;0;j;j;j;j;j;j;j;j;j;j;j;j;j;j;j;j;j;j;j;j;j;j;j;j;j;j;j;j;j;j;j;j;j;j;j;j;j;j;j;j;j;j;j;j;j;j;j;j;j;j;j;j;j;j;j;j
j;j;j;j;j;j;0;0;0;0;0;0;0;0;0;0;0;0;0;0;0;0;0;0;j;j;j;j;j;j;j;j;0;0;0;0;0;0;0;0;0;0;0;0;j;j;j;j;j;j;j;j;j;j;j;j;j;j;j;j;j;j;j;j;j;j;j;j;j;j;j;j;j;j;j;j;j;j;j;j
j;j;j;j;j;0;0;0;0;0;0;0;0;0;0;0;0;0;0;0;0;0;0;0;0;0;j;j;j;j;j;j;0;0;0;0;0;0;0;0;0;0;0;0;0;j;j;j;j;j;j;j;j;j;j;j;j;j;j;j;j;j;j;j;j;j;j;j;j;j;j;j;j;j;j;j;j;j;j;j
j;j;j;j;j;0;0;0;0;0;0;0;0;0;0;0;0;0;0;0;0;0;0;0;0;0;0;j;j;j;j;j;0;0;0;0;0;0;0;0;0;0;0;0;0;0;0;0;j;j;j;j;j;j;j;j;j;j;j;j;j;j;j;j;j;j;j;j;j;j;j;j;j;j;j;j;j;j;j;j
j;j;j;j;0;0;0;0;0;0;0;0;0;0;0;0;0;0;0;0;0;0;0;0;0;0;0;j;j;j;j;j;0;0;0;0;0;0;0;0;0;0;0;0;0;0;0;0;0;j;j;j;j;j;j;j;j;j;j;j;j;j;j;j;j;j;j;j;j;j;j;j;j;j;j;j;j;j;j;j
j;j;j;j;0;0;0;0;0;0;0;0;0;0;0;0;0;0;0;0;0;0;0;0;0;0;0;j;j;j;j;j;0;0;0;0;0;0;0;0;0;0;0;0;0;0;0;0;0;0;j;j;j;j;j;j;j;j;j;j;j;j;j;j;j;j;j;j;j;j;j;j;j;j;j;j;j;j;j;j
j;j;j;j;0;0;0;0;0;0;0;0;0;0;0;0;0;0;0;0;0;0;0;0;0;0;0;j;j;j;j;j;0;0;0;0;0;0;0;0;0;0;0;0;0;0;0;0;0;0;0;j;j;j;j;j;j;j;j;j;j;j;j;j;j;j;j;j;j;j;j;j;j;j;j;j;j;j;j;j
j;j;j;j;0;0;0;0;0;0;0;0;0;0;j;j;j;j;0;0;0;0;0;0;0;0;0;j;j;j;j;j;0;0;0;0;0;0;0;0;0;0;0;0;0;0;0;0;0;0;0;0;j;j;j;j;j;j;j;j;j;j;j;j;j;j;j;j;j;j;j;j;j;j;j;j;j;j;j;j
j;j;j;j;0;0;0;0;0;0;0;0;0;0;j;j;j;j;j;j;0;0;0;0;0;0;0;j;j;j;j;j;0;0;0;0;0;0;0;0;0;0;0;0;0;0;0;0;0;0;0;0;0;0;0;0;0;0;0;0;0;0;0;0;0;0;0;0;0;0;0;0;0;0;0;0;0;0;0;0
j;j;j;j;j;j;j;j;j;j;j;j;j;j;j;j;j;j;j;j;j;j;j;0;0;0;0;j;j;j;j;j;0;0;0;0;0;0;0;0;0;0;0;0;0;0;0;0;0;0;0;0;0;0;0;0;0;0;0;0;0;0;0;0;0;0;0;0;0;0;0;0;0;0;0;0;0;0;0;0
j;j;j;j;j;j;j;j;j;j;j;j;j;j;j;j;j;j;j;j;j;j;j;0;0;0;0;j;j;j;j;j;0;0;0;0;0;0;0;0;0;0;0;0;0;0;0;0;0;0;0;0;0;0;0;0;0;0;0;0;0;0;0;0;0;0;0;0;0;0;0;0;0;0;0;0;0;0;0;0
j;j;j;j;j;j;j;j;j;j;j;j;j;j;j;j;j;j;j;j;j;j;j;0;0;0;0;j;j;j;j;j;0;0;0;0;0;0;0;0;0;0;0;0;0;0;0;0;0;0;0;0;0;0;0;0;0;0;0;0;0;0;0;0;0;0;0;0;0;0;0;0;0;0;0;0;0;0;0;0
0;0;0;j;j;j;j;j;j;j;j;j;j;j;j;j;j;j;j;j;j;j;j;0;0;0;0;j;j;j;j;j;0;0;0;0;0;0;0;0;0;0;0;0;0;0;0;0;0;0;0;0;0;0;0;0;0;0;0;0;0;0;0;0;0;0;0;0;0;0;0;0;0;0;0;0;0;0;0;0
0;0;0;j;j;j;j;j;j;j;j;j;j;j;j;j;j;j;j;j;j;j;j;0;0;0;0;j;j;j;j;j;0;0;0;0;0;0;0;0;0;0;0;0;0;0;0;0;0;0;0;0;0;0;0;0;0;0;0;0;0;0;0;0;0;0;0;0;0;0;0;0;0;0;0;0;0;0;0;0
0;0;0;j;j;j;j;j;j;j;j;j;j;j;j;j;j;j;j;j;j;j;0;0;0;0;0;j;j;j;j;j;0;0;0;0;0;0;0;0;0;0;0;0;0;0;0;0;0;0;0;0;0;0;0;0;0;0;0;0;0;0;0;0;0;0;0;0;0;0;0;0;0;0;0;0;0;0;0;0
0;0;0;0;0;0;0;0;0;0;0;0;0;j;j;j;j;j;j;j;j;j;0;0;0;0;0;j;j;j;j;j;j;j;j;j;0;0;0;0;0;0;0;0;0;0;0;0;0;0;0;0;0;0;0;0;0;0;0;0;0;0;0;0;0;0;0;0;0;0;0;0;0;0;0;0;0;0;0;0
0;0;0;0;0;0;0;0;0;0;0;0;0;j;j;j;j;j;j;j;j;j;0;0;0;0;0;j;j;j;j;j;j;j;j;j;0;0;0;0;0;0;0;0;0;0;0;0;0;0;0;0;0;0;0;0;0;0;0;0;0;0;0;0;0;0;0;0;0;0;0;0;0;0;0;0;0;0;0;0
0;0;0;0;0;0;0;0;0;0;0;0;0;j;j;j;j;j;j;j;j;j;0;0;0;0;0;j;j;j;j;j;j;j;j;j;0;0;0;0;0;0;0;0;0;0;0;0;0;0;0;0;0;0;0;0;0;0;0;0;0;0;0;0;0;0;0;0;0;0;0;0;0;0;0;0;0;0;0;0
0;0;0;0;0;0;0;0;0;0;0;0;0;0;0;0;j;j;j;j;j;j;0;0;0;0;0;j;j;j;j;j;j;j;j;j;0;0;0;0;0;0;0;0;0;0;0;0;0;0;0;0;0;0;0;0;0;0;0;0;0;0;0;0;0;0;0;0;0;0;0;0;0;0;0;0;0;0;0;0
0;0;0;0;0;0;0;0;0;0;0;0;0;0;0;0;j;j;j;j;j;j;0;0;0;0;j;j;j;j;j;j;j;j;j;j;0;0;0;0;0;0;0;0;0;0;0;0;0;0;0;0;0;0;0;0;0;0;0;0;0;0;0;0;0;0;0;0;0;0;0;0;0;0;0;0;0;0;0;0
0;0;0;0;0;0;0;0;0;0;0;0;0;0;0;0;j;j;j;j;j;j;0;0;0;0;j;j;j;j;j;j;j;j;j;j;0;0;0;0;0;0;0;0;0;0;0;0;0;0;0;0;0;0;0;0;0;0;0;0;0;0;0;0;0;0;0;0;0;0;0;0;0;0;0;0;0;0;0;0
0;0;0;0;0;0;0;0;0;0;0;0;0;0;0;0;j;j;j;j;j;j;0;0;0;0;j;j;j;j;j;j;j;j;j;j;0;0;0;0;0;0;0;0;0;0;0;0;0;0;0;0;0;0;0;0;0;0;0;0;0;0;0;0;0;0;0;0;0;0;0;0;0;0;0;0;0;0;0;0
0;0;0;0;0;0;0;0;0;0;0;0;0;0;0;0;j;j;j;j;j;j;0;0;0;0;j;j;j;j;j;j;j;j;j;j;0;0;0;0;0;0;0;0;0;0;0;0;0;0;0;0;0;0;0;0;0;0;0;0;0;0;0;0;0;0;0;0;0;0;0;0;0;0;0;0;0;0;0;0
0;0;0;0;0;0;0;0;0;0;0;0;0;0;0;0;j;j;j;j;j;j;0;0;0;0;j;j;j;j;j;j;j;j;j;j;0;0;0;0;0;0;0;0;0;0;0;0;0;0;0;0;0;0;0;0;0;0;0;0;0;0;0;0;0;0;0;0;0;0;0;0;0;0;0;0;0;0;0;0
0;0;0;0;0;0;0;0;0;0;0;0;0;0;0;0;j;j;j;j;j;j;0;0;0;0;0;j;j;j;j;j;j;j;j;j;0;0;0;0;0;0;0;0;0;0;0;0;0;0;0;0;0;0;0;0;0;0;0;0;0;0;0;0;0;0;0;0;0;0;0;0;0;0;0;0;0;0;0;0
0;0;0;0;0;0;0;0;0;0;0;0;0;0;0;0;j;j;j;j;j;j;0;0;0;0;0;0;j;j;j;j;j;j;j;j;0;0;0;0;0;0;0;0;0;0;0;0;0;0;0;0;0;0;0;0;0;0;0;0;0;0;0;0;0;0;0;0;0;0;0;0;0;0;0;0;0;0;0;0
0;0;0;0;0;0;0;0;0;0;0;0;0;0;0;0;j;j;j;j;j;j;0;0;0;0;0;0;j;j;j;j;j;j;j;j;j;j;0;0;0;0;0;0;0;0;0;0;0;0;0;0;0;0;0;0;0;0;0;0;0;0;0;0;0;0;0;0;0;0;0;0;0;0;0;0;0;0;0;0
0;0;0;0;0;0;0;0;0;0;0;0;0;0;0;0;j;j;j;j;j;j;0;0;0;0;0;0;j;j;j;j;j;j;j;j;j;j;0;0;0;0;0;0;0;0;0;0;0;0;0;0;0;0;0;0;0;0;0;0;0;0;0;0;0;0;0;0;0;0;0;0;0;0;0;0;0;0;0;0
0;0;0;0;0;0;0;0;0;0;0;0;0;0;0;0;j;j;j;j;j;j;0;0;0;0;0;0;j;j;j;j;j;j;j;j;j;j;0;0;0;0;0;0;0;0;0;0;0;0;0;0;0;0;0;0;0;0;0;0;0;0;0;0;0;0;0;0;0;0;0;0;0;0;0;0;0;0;0;0
0;0;0;0;0;0;0;0;0;0;0;0;0;0;0;0;j;j;j;j;j;j;0;0;0;0;0;j;j;j;j;j;j;j;j;j;j;j;0;0;0;0;0;0;0;0;0;0;0;0;0;0;0;0;0;0;0;0;0;0;0;0;0;0;0;0;0;0;0;0;0;0;0;0;0;0;0;0;0;0
0;0;0;0;0;0;0;0;0;0;0;0;0;0;0;0;j;j;j;j;j;j;0;0;0;0;0;j;j;j;j;j;j;j;j;j;j;j;j;j;j;j;0;0;0;0;0;0;0;0;0;j;j;j;j;j;j;j;j;j;j;j;j;j;j;j;j;j;j;j;j;j;j;j;j;j;j;j;j;j
0;0;0;0;0;0;0;0;0;0;0;0;0;0;0;0;j;j;j;j;j;j;0;0;0;0;0;j;j;j;j;j;j;j;j;j;j;j;j;j;j;j;0;0;0;0;0;0;0;0;0;j;j;j;j;j;j;j;j;j;j;j;j;j;j;j;j;j;j;j;j;j;j;j;j;j;j;j;j;j
0;0;0;0;0;0;0;0;0;0;0;0;0;j;j;j;j;j;j;j;j;j;0;0;0;0;0;j;j;j;j;j;j;j;j;j;j;j;j;j;j;j;j;j;j;0;0;0;0;j;j;j;j;j;j;j;j;j;j;j;j;j;j;j;j;j;j;j;j;j;j;j;j;j;j;j;j;j;j;j
0;0;0;0;0;0;0;0;0;0;0;0;0;j;j;j;j;j;j;j;j;j;0;0;0;0;0;j;j;j;j;j;j;j;j;j;j;j;j;j;j;j;j;j;j;0;0;0;0;j;j;j;j;j;j;j;j;j;j;j;j;j;j;j;j;j;j;j;j;j;j;j;j;j;j;j;j;j;j;j
0;0;j;j;j;j;j;j;j;j;j;j;j;j;j;j;j;j;j;j;j;0;0;0;0;0;0;j;j;j;j;j;j;j;j;j;j;j;j;j;j;j;j;j;j;j;j;j;j;j;j;j;j;j;j;j;j;j;j;j;j;j;j;j;j;j;j;j;j;j;j;j;j;j;j;j;j;j;j;j
0;0;j;j;j;j;j;j;j;j;j;j;j;j;j;j;j;j;0;0;0;0;0;0;0;0;0;j;j;j;j;j;j;j;j;j;j;j;j;j;j;j;j;j;j;j;j;j;j;j;j;j;j;j;j;j;j;j;j;j;j;j;j;j;j;j;j;j;j;j;j;j;j;j;j;j;j;j;j;j
j;j;j;j;j;j;j;j;j;j;j;j;j;j;j;j;j;j;0;0;0;0;0;0;0;0;0;j;j;j;j;j;j;j;j;j;j;j;j;j;j;j;j;j;j;j;j;j;j;j;j;j;j;j;j;j;j;j;j;j;j;j;j;j;j;j;j;j;j;j;j;j;j;j;j;j;j;j;j;j
j;j;j;j;j;j;j;j;j;j;j;j;j;j;j;0;0;0;0;0;0;0;0;0;0;0;0;j;j;j;j;j;j;j;j;j;j;j;j;j;j;j;j;j;j;j;j;j;j;j;j;j;j;j;j;j;j;j;j;j;j;j;j;j;j;j;j;j;j;j;j;j;j;j;j;j;j;j;j;j
j;j;j;j;j;j;j;j;j;j;j;j;j;j;j;0;0;0;0;0;0;0;0;0;0;0;0;j;j;j;j;j;j;j;j;j;j;j;j;j;j;j;j;j;j;j;j;j;j;j;j;j;j;j;j;j;j;j;j;0;0;0;j;j;j;j;j;j;j;j;j;j;j;j;j;j;j;j;j;j
j;j;j;j;j;j;j;j;j;j;j;j;j;j;j;0;0;0;0;0;0;0;0;0;0;0;0;0;0;j;j;j;j;j;j;j;j;j;j;j;j;j;j;j;j;j;j;j;j;j;j;j;j;j;j;j;j;j;0;0;0;0;j;j;j;j;j;j;j;j;j;j;j;j;j;j;j;j;j;j
j;j;j;j;j;j;j;j;j;j;j;j;j;j;j;0;0;0;0;0;0;0;0;0;0;0;0;0;0;j;j;j;j;j;j;j;j;j;j;j;j;j;j;j;j;j;j;j;j;j;j;j;j;j;j;j;j;j;0;0;0;0;j;j;j;j;j;j;j;j;j;j;j;j;j;j;j;j;j;j
j;j;j;j;j;j;j;j;j;j;j;j;0;0;0;0;0;0;0;0;0;0;0;0;0;0;0;0;0;j;j;j;j;j;j;j;j;j;j;j;j;j;j;j;j;j;j;j;j;j;j;j;j;j;j;j;j;j;0;0;0;0;j;j;j;j;j;j;j;j;j;j;j;j;j;j;j;j;j;j
j;j;j;j;j;j;j;j;j;j;j;j;0;0;0;0;0;0;0;0;0;0;0;0;0;0;0;0;0;j;j;j;j;j;j;j;j;j;j;j;j;j;j;j;j;j;j;j;j;j;j;j;j;j;j;j;j;j;0;0;0;0;j;j;j;j;j;j;j;j;j;j;j;j;j;j;j;j;j;j
j;j;j;j;j;j;j;j;j;j;j;0;0;0;0;0;0;0;0;0;0;0;0;0;0;0;0;0;0;j;j;j;j;j;j;j;j;j;j;j;j;j;j;j;j;j;j;j;j;j;j;j;j;j;j;j;j;j;0;0;0;0;j;j;j;j;j;j;j;j;j;j;j;j;j;j;j;j;j;j
j;j;j;j;j;j;j;j;j;j;j;0;0;0;0;0;0;0;0;0;0;0;0;0;0;0;0;0;0;j;j;j;j;j;j;j;j;j;j;j;j;j;j;j;j;j;j;j;j;j;j;j;j;j;j;j;j;j;0;0;0;0;j;j;j;j;j;j;j;j;j;j;j;j;j;j;j;j;j;j
j;j;j;j;j;j;j;j;j;j;j;0;0;0;0;0;0;0;0;0;0;0;0;0;0;0;0;0;0;j;j;j;j;j;j;j;j;j;j;j;j;j;j;j;j;j;j;j;j;j;j;j;j;j;j;j;j;j;0;0;0;0;j;j;j;j;j;j;j;j;j;j;j;j;j;j;j;j;j;j
j;j;j;j;j;j;j;j;j;j;j;0;0;0;0;0;0;0;0;0;0;0;0;0;0;0;0;0;0;0;j;j;j;j;j;j;j;j;j;j;j;j;j;j;j;j;j;j;j;j;j;j;j;j;0;0;0;0;0;0;0;0;0;0;0;j;j;j;j;j;j;j;j;j;j;j;j;j;j;j
j;j;j;j;j;j;j;j;0;0;0;0;0;0;0;0;0;0;0;0;0;0;0;0;0;0;0;0;0;0;j;j;j;j;j;j;j;j;j;j;j;j;j;j;j;j;j;j;j;j;j;j;j;j;0;0;0;0;0;0;0;0;0;0;0;j;j;j;j;j;j;j;j;j;j;j;j;j;j;j
j;j;j;j;j;0;0;0;0;0;0;0;0;0;0;0;0;0;0;0;0;0;0;0;0;0;0;0;0;0;j;j;j;j;j;j;j;j;j;j;j;j;j;j;j;j;j;j;j;j;j;j;0;0;0;0;0;0;0;0;0;0;0;0;0;0;0;j;j;j;j;j;j;j;j;j;j;j;j;j
j;j;j;j;j;0;0;0;0;0;0;0;0;0;0;0;0;0;0;0;0;0;0;0;0;0;0;0;0;0;j;j;j;j;j;j;j;j;j;j;j;j;j;j;j;j;j;j;j;j;j;0;0;0;0;0;0;0;0;0;0;0;0;0;0;0;0;0;0;0;j;j;j;j;j;j;j;j;j;j
j;j;j;j;j;0;0;0;0;0;0;0;0;0;0;0;0;0;0;0;0;0;0;0;0;0;0;0;0;0;0;j;j;j;j;j;j;j;j;j;j;j;j;j;j;j;j;j;j;j;j;0;0;0;0;0;0;0;0;0;0;0;0;0;0;0;0;0;0;0;j;j;j;j;j;j;j;j;j;j
j;j;j;j;j;0;0;0;0;0;0;0;0;0;0;0;0;0;0;0;0;0;0;0;0;0;0;0;0;0;0;j;j;j;j;j;j;j;j;j;j;j;j;j;j;j;j;j;j;j;j;0;0;0;0;0;0;0;0;0;0;0;0;0;0;0;0;0;0;0;0;j;j;j;j;j;j;j;j;j
j;j;j;j;j;0;0;0;0;0;0;0;0;0;0;0;0;0;0;0;0;0;0;0;0;0;0;0;0;0;0;j;j;j;j;j;j;j;j;j;j;j;j;j;j;j;j;j;j;0;0;0;0;0;0;0;0;0;0;0;0;0;0;0;0;0;0;0;0;0;0;j;j;j;j;j;j;j;j;j
j;j;j;j;j;0;0;0;0;0;0;0;0;0;0;0;0;0;0;0;0;0;0;0;0;0;0;0;0;0;0;0;j;j;j;j;j;j;j;j;j;j;j;j;0;0;0;0;0;0;0;0;0;0;0;0;0;0;i;i;i;i;0;0;0;0;0;0;0;0;0;j;j;j;j;j;j;j;j;j
j;j;j;j;j;j;0;0;0;0;0;0;0;0;0;0;0;0;0;0;0;0;0;0;0;0;0;0;0;0;0;0;j;j;j;j;j;j;j;j;j;j;j;0;0;0;0;0;0;0;0;0;0;0;0;0;0;0;i;i;i;i;0;0;0;0;0;0;0;0;0;j;j;j;j;j;j;j;j;j
j;j;j;j;j;j;0;0;0;0;0;0;0;0;0;0;0;0;0;0;0;0;0;0;0;0;0;0;0;0;0;0;0;j;j;j;j;j;j;j;j;j;j;0;0;0;0;j;j;j;j;j;j;j;j;j;j;j;j;j;j;j;j;j;j;j;j;j;j;j;j;j;j;j;j;j;j;j;j;j
j;j;j;j;j;j;0;0;0;0;0;0;0;0;0;0;0;0;0;0;0;0;0;0;0;0;0;0;0;0;0;0;0;0;0;0;j;j;j;j;j;j;j;0;0;0;0;j;j;j;j;j;j;j;j;j;j;j;j;j;j;j;j;j;j;j;j;j;j;j;j;j;j;j;j;j;j;j;j;j
j;j;j;j;j;j;0;0;0;0;0;0;0;0;0;0;0;0;0;0;0;0;0;0;0;0;0;0;0;0;0;0;0;0;0;0;j;j;j;j;j;j;0;0;0;j;j;j;j;j;j;j;j;j;j;j;j;j;j;j;j;j;j;j;j;j;j;j;j;j;j;j;j;j;j;j;j;j;j;j
j;j;j;j;j;j;0;0;0;0;0;0;0;0;0;0;0;0;0;0;0;0;0;0;0;0;0;0;0;0;0;0;0;0;0;0;0;0;0;0;0;0;0;0;0;j;j;j;j;j;j;j;j;j;j;j;j;j;j;j;j;j;j;j;j;j;j;j;j;j;j;j;j;j;j;j;j;j;j;j
j;j;j;j;j;j;j;j;j;j;0;0;0;0;0;i;i;i;i;0;0;0;0;0;0;0;0;0;0;0;0;j;j;j;j;j;j;j;j;j;j;j;j;j;j;j;j;j;j;j;j;j;j;j;j;j;j;j;j;j;j;j;j;j;j;j;j;j;j;j;j;j;j;j;j;j;j;j;j;j
j;j;j;j;j;j;j;j;j;i;i;i;i;i;i;i;i;i;i;j;j;j;j;0;0;0;0;j;j;j;j;j;j;j;j;j;j;j;j;j;j;j;j;j;j;j;j;j;j;j;j;j;j;j;j;j;j;j;j;j;j;j;j;j;j;j;j;j;j;j;j;j;j;j;j;j;j;j;j;j
j;j;j;j;j;j;j;j;j;i;i;i;i;i;i;j;j;j;j;j;j;j;j;0;0;0;0;j;j;j;j;j;j;j;j;j;j;j;j;j;j;j;j;j;j;j;j;j;j;j;j;j;j;j;j;j;j;j;j;j;j;j;j;j;j;j;j;j;j;j;j;j;j;j;j;j;j;j;j;j
