r;r;r;r;r;r;r;r;r;r;r;r;r;r;r;r;r;r;r;r;r;r;r;r;r;r;r;r;r;r;r;r;r;r;r;r;r;r;r;0;0;0;0;0;0;0;0;0;r;Y;r;r;0;0;0;0;0;0;0;0;0;0;0;0;0;0;0;r;r;r;r;r;r;r;r;r;r;r;Y;Y;Y;Y;Y;r;r;r;r;r;r;0;r;r;r;r;r;0;r;r;r;r;r;r;r;r;r;r;r;r;r;r;r;r;r;r;r;0;0;r;r;r;Y;Y;Y;Y;r;r;r;r;r;r;r;r;r;r;r;r;r;r;r;r;r;r;r;r;r;r;r;r;r;r;0;0;0;0;r;r;0;r;r;r;0;0;0;0;0;0;0;0;0;0;0;0;0;0;0;0;0;0;r;r;0;0;0;0;0;0;0;0;0;0;0;0;0;0;0;0;0;r;r;r;r;r;r;r;r;r;r;r;r;r;Y;Y;Y;Y;Y;Y;r;r;r;r;r;r;r;r;r;r;r;r;r;r;r;r;r;0;0;0;0;0;0;0;0;0;0;0;0;0;0;0;0;0;0;0;0;0;0;r;r;r;r;r;r;r;r;r;r;r;r;r;r;r;r;r;r;r;r;r;r;r;r;r;r;r;r;r;r;r;r;r;r;r;r;r;r;r;r;r;r;r;r;r;r
r;r;r;r;r;r;r;r;r;r;r;r;r;r;r;r;r;r;r;r;r;r;r;r;r;r;r;r;r;r;r;r;r;r;r;r;r;r;0;0;0;0;0;0;0;0;0;0;0;Y;Y;r;0;0;0;0;0;0;0;0;0;0;0;0;0;0;0;r;0;r;r;r;r;r;Y;Y;Y;Y;Y;Y;Y;Y;Y;r;r;r;r;0;0;0;0;r;r;r;r;0;0;r;r;r;r;r;r;r;r;r;Y;Y;Y;Y;Y;r;r;r;r;0;0;r;r;Y;Y;Y;Y;Y;r;r;r;r;r;r;r;r;0;0;r;r;r;r;0;0;r;r;r;r;r;r;r;r;r;0;0;0;0;0;r;0;0;0;r;r;0;0;0;0;0;0;0;0;0;0;0;0;0;0;0;0;0;0;0;0;0;0;0;0;0;0;0;0;0;0;0;0;0;0;0;0;0;0;r;r;r;r;r;Y;Y;Y;Y;Y;r;r;r;Y;Y;Y;Y;Y;r;r;r;r;Y;Y;Y;Y;Y;Y;r;r;r;r;r;r;0;0;0;0;0;0;0;0;0;0;0;0;0;0;0;0;0;0;0;0;0;0;0;r;r;r;r;r;r;r;r;r;0;0;0;0;0;0;0;0;0;0;0;0;0;0;0;0;0;0;0;0;0;0;0;0;0;0;0;0;0;0;0;0;0;0;r;r;r
r;r;r;r;Y;Y;Y;Y;Y;Y;r;r;r;r;r;r;r;r;Y;Y;Y;r;r;r;r;r;r;r;r;r;r;r;r;0;0;0;0;0;0;0;0;0;0;0;0;0;0;0;0;Y;Y;r;0;0;0;0;0;0;0;0;0;0;0;0;0;0;0;r;0;r;r;r;r;r;Y;Y;Y;Y;Y;Y;Y;Y;r;r;r;r;0;0;0;0;0;0;0;0;0;0;0;0;0;0;r;r;r;r;Y;Y;Y;Y;Y;Y;Y;Y;Y;r;r;0;0;r;r;Y;Y;Y;r;r;r;r;r;r;r;r;r;0;0;0;0;r;r;0;0;0;0;0;r;r;r;r;r;r;r;0;0;0;0;0;0;0;0;0;r;0;0;0;0;0;0;0;0;0;0;0;0;0;0;0;0;0;0;0;0;0;0;0;0;0;0;0;0;0;0;0;0;0;0;0;0;0;0;0;0;r;r;Y;Y;Y;Y;Y;Y;Y;r;r;r;r;r;r;r;r;r;r;Y;Y;Y;Y;Y;Y;Y;Y;r;r;r;r;r;r;0;0;0;0;0;0;0;0;0;0;0;0;0;0;0;0;0;0;0;0;0;0;0;r;Y;Y;Y;Y;r;r;r;r;0;0;0;0;0;0;0;0;0;0;0;0;0;0;0;0;0;0;0;0;0;0;0;0;0;0;0;0;0;0;0;0;0;0;r;r;r
r;r;Y;Y;Y;Y;Y;Y;Y;Y;r;r;r;r;r;r;Y;Y;Y;Y;Y;Y;Y;r;r;r;r;r;r;r;r;r;0;0;0;0;0;0;0;0;0;0;0;0;0;0;0;0;0;r;r;r;0;0;0;0;0;0;0;0;0;0;0;0;0;0;0;r;0;r;r;0;0;r;r;Y;Y;Y;Y;Y;0;0;0;r;r;r;0;0;0;0;0;0;0;0;0;0;0;0;0;0;r;r;r;r;Y;Y;Y;Y;Y;Y;Y;Y;Y;r;r;0;0;r;r;Y;Y;r;r;r;r;r;0;r;r;r;r;0;0;0;0;r;r;0;0;0;0;0;r;r;r;0;r;r;0;0;0;0;0;0;0;0;0;0;0;0;0;0;0;0;0;0;0;0;0;0;0;0;0;0;0;0;0;0;0;0;0;0;0;0;0;0;0;0;0;0;0;0;0;0;0;0;0;0;0;r;r;Y;Y;Y;Y;Y;Y;Y;r;r;r;r;r;r;r;r;r;r;Y;Y;Y;Y;Y;r;r;r;r;r;r;r;r;r;0;0;0;0;0;0;0;0;0;0;0;0;0;0;0;0;0;0;0;0;0;0;0;r;Y;Y;Y;Y;Y;Y;r;r;r;0;0;0;0;0;0;0;0;0;0;0;0;0;0;0;0;0;r;r;r;r;r;r;r;r;r;r;0;0;0;0;0;0;r;r;r
r;r;Y;Y;Y;Y;Y;Y;r;r;r;r;r;r;r;r;Y;Y;Y;Y;Y;Y;Y;Y;r;r;r;r;r;r;r;r;0;0;0;0;0;0;0;0;0;0;0;0;0;0;0;0;0;0;0;0;0;0;0;0;0;0;0;0;0;0;0;0;0;0;0;r;0;r;0;0;0;0;0;0;r;r;r;r;0;0;0;0;0;0;0;0;0;0;0;0;0;0;0;0;0;0;0;0;0;0;0;0;0;0;r;r;Y;Y;Y;Y;Y;r;r;0;0;r;r;r;r;r;r;r;r;r;0;0;0;r;r;0;0;0;0;0;0;0;0;0;0;0;0;0;0;0;0;0;0;0;0;0;0;0;0;0;0;0;0;0;0;0;0;0;0;0;0;0;0;0;0;0;0;0;0;0;0;0;0;0;0;0;0;0;0;0;0;0;0;0;0;0;0;0;0;0;0;0;0;r;r;Y;Y;Y;Y;Y;r;r;r;r;r;r;r;r;r;r;r;r;r;r;r;r;r;r;r;0;0;0;0;0;0;0;0;0;0;0;0;0;0;0;0;0;0;0;0;0;0;0;0;0;0;0;0;0;0;r;r;r;Y;Y;Y;Y;r;r;r;0;0;0;0;0;0;0;0;0;0;0;0;0;0;0;0;0;r;r;r;r;r;r;r;r;r;r;0;0;0;0;0;0;r;r;r
r;r;r;r;r;r;r;r;r;r;r;r;r;r;r;r;r;r;r;Y;Y;Y;Y;Y;r;r;r;r;r;r;r;r;0;0;0;0;0;0;0;0;0;0;0;0;0;0;0;0;0;0;0;0;0;0;0;0;0;0;0;0;0;0;0;0;0;0;0;0;0;0;0;0;0;0;0;0;r;r;0;0;0;0;0;0;0;0;0;0;0;0;0;0;0;0;0;0;0;0;0;0;0;0;0;0;0;0;r;r;r;r;r;r;r;r;r;0;0;r;r;r;r;r;r;r;r;0;0;0;0;0;0;0;0;0;0;0;0;0;0;0;0;0;0;0;0;0;0;0;0;0;0;0;0;0;0;0;0;0;0;0;0;0;0;0;0;0;0;0;0;0;0;0;0;0;0;0;0;0;0;0;0;0;0;0;0;0;0;0;0;0;0;0;0;0;0;0;0;0;0;r;r;r;r;r;r;r;0;0;0;0;0;0;0;0;0;0;0;r;r;r;r;r;r;r;r;0;0;0;0;0;0;0;0;0;0;0;0;0;0;0;0;0;0;0;0;0;0;0;0;0;0;0;0;0;0;r;r;r;Y;Y;Y;Y;r;r;r;0;0;0;0;0;0;0;0;0;0;0;0;0;0;0;0;0;0;r;r;r;r;r;r;r;r;r;0;0;0;0;0;0;r;r;r
r;r;r;r;r;r;r;r;r;r;r;r;r;0;r;r;r;r;r;Y;Y;Y;Y;Y;r;r;r;r;r;r;r;r;0;0;0;0;0;0;0;0;0;0;0;0;0;0;0;0;0;0;0;0;0;0;0;0;0;0;0;r;r;0;0;0;0;0;0;0;0;0;0;0;0;0;0;0;0;0;0;0;0;0;0;0;0;0;0;0;0;0;0;0;0;0;0;0;0;0;0;0;0;0;0;0;0;0;r;r;r;r;r;r;r;r;r;0;0;r;r;r;r;r;r;r;0;0;0;0;0;0;0;0;0;0;0;0;0;0;0;0;0;0;0;0;0;0;0;0;0;0;0;0;0;0;0;0;0;0;0;0;0;0;0;0;0;0;0;0;0;0;0;0;0;0;0;0;0;0;0;0;0;0;0;0;0;0;0;0;0;0;0;0;0;0;0;0;0;0;0;r;r;r;r;r;0;0;0;0;0;0;0;0;0;0;0;0;0;0;0;0;0;r;r;r;r;0;0;0;0;0;0;0;0;0;0;0;0;0;0;0;0;0;0;0;0;0;0;0;0;0;0;0;0;0;0;r;r;r;r;r;r;r;r;r;r;0;0;0;0;0;0;0;0;0;0;0;0;0;0;0;0;0;0;r;r;r;r;r;r;r;r;r;0;0;0;0;0;0;r;r;r
r;r;r;r;r;0;r;r;r;r;r;r;r;0;0;r;r;r;r;r;r;r;r;r;r;r;r;r;r;r;r;0;0;0;0;0;0;0;0;0;0;0;0;0;0;0;0;0;0;0;0;0;0;0;0;0;0;0;0;r;r;0;0;0;0;0;0;0;0;0;0;0;0;0;0;0;0;0;0;0;0;0;0;0;0;0;0;0;0;0;0;0;0;0;0;0;0;0;0;0;0;0;0;0;0;0;0;r;r;r;0;0;0;0;0;0;0;0;0;0;0;0;0;0;0;0;0;0;0;0;0;0;0;0;0;0;0;0;0;0;0;0;0;0;0;0;0;0;0;0;0;0;0;0;0;0;0;0;0;0;0;0;0;0;0;0;0;0;0;0;0;0;0;0;0;0;0;0;0;0;0;0;0;0;0;0;0;0;0;0;0;0;0;0;0;0;0;0;0;r;r;r;r;0;0;0;0;0;0;0;0;0;0;0;0;0;0;0;0;0;0;0;r;r;0;0;0;0;0;0;0;0;0;0;0;0;0;0;0;0;0;0;0;0;0;0;0;0;0;0;0;0;0;0;0;r;r;r;r;r;r;r;r;r;r;0;0;0;0;0;0;0;0;0;0;0;0;0;0;0;0;0;0;0;r;r;r;r;r;r;r;r;r;r;r;r;r;r;r;r;r
r;r;r;r;r;0;0;0;0;0;0;0;0;0;0;0;0;0;0;r;r;r;r;r;r;r;r;r;0;0;0;0;0;0;0;0;0;0;0;0;0;0;0;0;0;0;0;0;0;0;0;0;0;0;0;0;0;0;0;r;r;0;0;0;0;0;0;0;0;0;0;0;0;0;0;0;0;0;0;0;0;0;0;0;0;0;0;0;0;0;0;0;0;0;0;0;0;0;0;0;0;0;0;0;0;0;0;0;0;0;0;0;0;0;0;0;0;0;0;0;0;0;r;r;0;0;0;0;0;0;0;0;0;0;0;0;0;0;0;0;0;0;0;0;0;0;0;0;0;0;0;0;0;0;0;0;0;0;0;0;0;0;0;0;0;0;0;0;0;0;0;0;0;0;0;0;0;0;0;0;0;0;0;0;0;0;0;0;0;0;0;0;0;0;0;0;0;0;0;0;r;r;r;0;0;0;0;0;0;0;0;0;0;0;0;0;0;0;0;0;0;0;r;r;0;0;0;0;0;0;0;0;0;0;0;0;0;0;0;0;0;0;0;0;0;0;0;0;0;0;0;0;0;0;0;r;r;r;r;r;r;0;0;r;r;0;0;0;0;0;0;0;0;0;0;0;0;0;0;0;0;0;0;0;r;r;r;r;r;r;r;r;r;r;r;r;r;r;r;r;r
r;r;r;r;0;0;0;0;0;0;0;0;0;0;0;0;0;0;0;0;0;r;r;r;r;r;r;0;0;0;0;0;0;0;0;0;0;0;0;0;0;0;0;0;0;0;0;0;0;0;0;0;0;0;0;0;0;0;0;r;r;0;0;0;0;0;0;0;0;0;0;0;0;0;0;0;0;0;0;0;0;0;0;0;0;0;0;0;0;0;0;0;0;0;0;0;0;0;0;0;0;0;0;0;0;0;0;0;r;r;r;0;0;0;0;0;0;0;0;0;r;r;r;0;0;0;0;0;0;0;0;0;0;0;0;0;0;0;0;0;0;0;0;0;0;0;0;0;0;0;0;0;0;0;0;0;0;0;0;0;0;0;0;0;0;0;0;0;0;0;0;0;0;0;0;0;0;0;0;0;0;0;0;0;0;0;0;0;0;0;0;0;0;0;0;0;0;0;0;0;r;r;r;0;0;0;0;0;0;0;0;0;0;0;0;0;0;0;0;0;0;0;r;r;0;0;0;0;0;0;0;0;0;0;0;0;0;0;0;0;0;0;0;0;0;0;0;0;0;0;0;0;0;0;0;r;r;r;r;r;r;0;0;0;0;0;0;0;0;0;0;0;0;0;0;0;0;0;0;0;0;0;0;0;r;r;r;r;0;0;r;r;r;r;r;r;Y;Y;Y;Y;Y
r;r;r;r;0;0;0;0;0;0;0;0;0;0;0;0;0;0;0;0;0;0;r;r;r;r;r;0;0;0;0;0;0;0;0;0;0;0;0;0;0;0;0;0;0;0;0;0;0;0;0;0;0;0;0;0;0;0;0;r;r;0;0;0;0;0;0;0;0;0;0;0;0;0;0;0;0;0;0;0;0;0;0;0;0;0;0;0;0;0;0;0;0;0;0;0;0;0;0;0;0;0;0;0;0;0;0;0;r;r;r;r;r;r;0;0;0;0;0;0;r;r;r;0;0;0;0;0;0;0;0;0;0;0;0;0;0;0;0;0;0;0;0;0;0;0;0;0;0;0;0;0;0;0;0;0;0;0;0;0;0;0;0;0;0;0;0;0;0;0;0;0;0;0;0;0;0;0;0;0;0;0;0;0;0;0;0;0;0;0;0;0;0;0;0;0;0;0;0;0;0;0;0;0;0;0;0;0;0;0;0;0;0;0;0;0;0;0;0;0;0;0;0;0;0;0;0;0;0;0;0;0;0;0;0;0;0;0;0;0;0;0;0;0;0;0;0;0;0;0;0;0;0;0;0;r;r;r;r;r;r;0;0;0;0;0;0;0;0;0;0;0;0;0;0;0;0;0;0;0;0;0;0;0;r;r;r;0;0;0;r;r;r;Y;Y;Y;Y;Y;Y;Y;Y
r;r;r;r;0;0;0;0;0;0;0;0;0;0;0;0;0;0;0;0;0;0;r;r;r;r;r;0;0;0;0;0;0;0;0;0;0;0;0;0;0;0;0;0;0;0;0;0;0;0;0;0;0;0;0;0;0;0;0;r;r;0;0;0;0;0;0;0;0;0;0;0;0;0;0;0;0;0;0;0;0;0;0;0;0;0;0;0;0;0;0;0;0;0;0;0;0;0;0;0;0;0;0;0;0;0;0;0;0;r;r;r;r;r;0;0;0;0;0;0;0;r;r;0;0;0;0;0;0;0;0;0;0;0;0;0;0;0;r;r;0;0;0;0;0;0;0;0;0;0;0;0;0;0;0;0;0;0;0;0;0;0;0;0;0;0;0;0;0;0;0;0;r;r;0;0;0;0;0;0;0;0;0;0;0;0;0;0;0;0;0;0;0;0;0;0;0;0;0;0;0;0;0;0;0;0;0;0;0;0;0;0;0;0;0;0;0;0;0;0;0;0;0;0;0;0;0;0;0;0;0;0;0;0;0;0;0;0;0;0;0;0;0;0;0;0;0;0;0;0;0;0;0;0;0;0;0;0;0;0;0;0;0;0;0;0;0;0;0;0;0;0;0;0;0;0;0;0;0;0;0;0;0;0;r;r;r;0;0;0;0;r;r;Y;Y;Y;Y;Y;Y;Y;r
0;0;0;0;0;0;0;0;0;0;0;0;0;0;0;0;0;0;0;0;0;0;r;r;r;0;0;0;0;0;0;0;0;0;0;0;0;0;0;0;0;0;0;0;0;0;0;0;0;0;0;0;0;0;0;0;0;0;0;r;r;0;0;0;0;0;0;0;0;0;0;0;0;0;0;0;0;0;0;0;0;0;0;0;0;0;0;0;0;0;0;0;0;0;0;0;0;0;0;0;0;0;0;0;0;0;0;0;0;r;r;r;r;0;0;0;0;0;0;0;0;r;r;0;0;0;0;0;0;0;0;0;0;0;0;0;0;0;r;r;0;0;0;0;0;0;0;0;0;0;0;0;0;0;0;0;0;0;0;0;0;0;0;0;0;0;0;0;0;0;0;0;r;r;0;0;0;0;0;0;0;0;0;0;0;0;0;0;0;0;0;0;0;0;0;0;0;0;0;0;0;0;0;0;0;0;0;0;0;0;0;0;0;0;0;0;0;0;0;0;0;0;0;0;0;0;0;0;0;0;r;r;0;0;0;0;0;0;0;0;0;0;0;0;0;0;0;0;0;0;0;0;0;0;0;0;0;0;0;0;0;0;0;0;0;0;0;0;0;0;0;0;0;0;0;0;0;0;0;0;0;0;0;0;r;r;0;0;0;0;0;r;r;Y;Y;Y;Y;Y;Y;Y;r
0;0;0;0;0;0;0;0;0;0;0;0;0;0;0;0;0;0;0;0;0;0;r;0;r;0;0;0;0;0;0;0;0;0;0;0;0;0;0;0;0;0;0;0;0;0;0;0;0;0;0;0;0;0;0;0;0;0;0;0;0;0;0;0;0;0;0;0;0;0;0;0;0;0;0;0;0;0;0;0;0;0;0;0;0;0;0;0;0;0;0;0;0;0;0;0;0;0;0;0;0;0;0;0;0;0;0;0;0;r;r;0;r;0;0;0;0;0;0;0;0;0;0;0;0;0;0;0;0;0;0;0;0;0;0;0;0;0;r;r;0;0;0;0;0;0;0;0;0;0;0;0;0;0;0;0;0;0;0;0;0;0;0;0;0;0;0;0;0;0;0;0;r;r;0;0;0;0;0;0;0;0;0;0;0;0;0;0;0;0;0;0;0;0;0;0;0;0;0;0;0;0;0;0;0;0;0;0;0;0;0;0;0;0;0;0;0;0;0;0;0;0;0;0;0;0;0;0;0;0;r;r;0;0;0;0;0;0;0;0;0;0;0;0;0;0;0;0;0;0;0;0;0;0;0;0;0;0;0;0;0;0;0;0;0;0;0;0;0;0;0;0;0;0;0;0;0;0;0;0;0;0;0;0;r;r;0;0;0;0;0;0;r;r;r;r;r;r;r;r;r
0;0;0;0;0;0;0;0;0;0;0;0;0;0;0;0;0;0;0;0;0;0;r;0;0;0;0;0;0;0;0;0;0;0;0;0;0;0;0;0;0;0;0;0;0;0;0;0;0;0;0;0;0;0;0;0;0;0;0;0;0;0;0;0;0;0;0;0;0;0;0;0;0;0;0;0;0;0;0;0;0;0;0;0;0;0;0;0;0;0;0;0;0;0;0;0;0;0;0;0;0;0;0;0;0;0;0;0;0;r;r;0;0;0;0;0;0;0;0;0;0;0;0;0;0;0;0;0;0;0;0;0;0;0;0;0;0;0;r;r;0;0;0;0;0;0;0;0;0;0;0;0;0;0;0;0;0;0;0;0;0;0;0;0;0;0;0;0;0;0;0;0;r;r;0;0;0;0;0;0;0;0;0;0;0;0;0;0;0;0;0;0;0;0;0;0;0;0;0;0;0;0;0;0;0;0;0;0;0;0;0;0;0;0;0;0;0;0;0;0;0;0;0;0;0;0;0;0;0;0;r;r;0;0;0;0;0;0;0;0;0;0;0;0;0;0;0;0;0;0;0;0;0;0;0;0;0;0;0;0;0;0;0;0;0;0;0;0;0;0;0;0;0;0;0;0;0;0;0;0;0;0;0;0;0;0;0;0;0;0;0;0;r;r;r;r;r;r;r;r;r
0;0;0;0;0;0;0;0;0;0;0;0;0;0;0;0;0;0;0;0;0;0;0;0;0;0;0;0;0;0;0;0;0;0;0;0;0;0;0;0;0;0;0;0;0;0;0;0;0;0;0;0;0;0;0;0;0;0;0;0;0;0;0;0;0;0;0;0;0;0;0;0;0;0;0;0;0;0;0;0;0;0;0;0;0;0;0;0;0;0;0;0;0;0;0;0;0;0;0;0;0;0;0;0;0;0;0;0;0;0;r;0;0;0;0;0;0;0;0;0;0;0;0;0;0;0;0;0;0;0;0;0;0;0;0;0;0;0;0;0;0;0;0;0;0;0;0;0;0;0;0;0;0;0;0;0;0;0;0;0;0;0;0;0;0;0;0;0;0;0;0;0;r;r;0;0;0;0;0;r;r;r;r;0;0;0;0;0;0;0;0;0;0;0;0;0;0;0;0;0;0;0;0;0;0;0;0;0;0;0;0;0;0;0;0;0;0;0;0;0;0;0;0;0;0;0;0;0;0;0;0;0;0;0;0;0;0;0;0;0;0;0;0;0;0;0;0;0;0;0;0;0;0;0;0;0;0;0;0;0;0;0;0;0;0;0;0;0;0;0;0;0;0;0;0;0;0;0;0;0;0;0;0;0;0;0;0;0;0;0;0;0;0;0;0;0;r;r;r;r;r
r;r;r;r;r;r;r;r;r;0;0;r;r;r;0;0;0;0;0;0;0;0;0;0;0;0;0;0;0;0;0;0;0;0;0;0;0;0;0;0;0;0;0;0;0;0;0;0;0;0;0;0;0;0;0;0;0;0;0;0;0;0;0;0;0;0;0;0;0;0;0;0;0;0;0;0;0;0;0;0;0;0;0;0;0;0;0;0;0;0;0;0;0;0;0;0;0;0;0;0;0;0;0;0;0;0;0;0;0;0;0;0;0;0;0;0;0;0;0;0;0;0;0;0;0;0;0;0;0;0;0;0;0;0;0;0;0;0;0;0;0;0;0;0;0;0;0;0;0;0;0;0;0;0;0;0;0;0;0;0;0;0;0;0;0;0;0;0;0;0;0;0;r;r;0;0;0;0;0;r;r;r;r;0;0;0;0;0;0;0;0;0;0;0;0;0;0;0;0;0;0;0;0;0;0;0;0;0;0;0;0;0;0;0;0;0;0;0;0;0;0;0;0;0;0;0;0;0;0;0;0;0;0;0;0;0;0;0;0;0;0;0;0;0;0;0;0;0;0;0;0;0;0;0;0;0;0;0;0;0;0;0;0;0;0;0;0;0;0;0;0;0;0;0;0;0;0;0;0;0;0;0;0;0;0;0;0;0;0;0;0;0;0;0;0;0;0;0;0;0;0
r;r;r;r;r;r;r;r;r;0;r;r;r;r;0;0;0;0;0;0;0;0;0;0;0;0;0;0;0;0;0;0;0;0;0;0;0;0;0;0;r;r;r;r;r;0;0;0;0;0;0;0;0;0;0;0;0;0;0;0;0;0;0;0;0;0;0;0;0;0;0;0;0;0;0;0;0;0;0;0;0;0;0;0;0;0;0;0;0;0;0;0;0;0;0;0;0;0;0;0;0;0;0;0;0;0;0;0;0;0;0;0;0;0;0;0;0;0;0;0;0;0;0;0;0;0;0;0;0;0;0;0;0;0;0;0;0;0;0;0;0;0;0;0;0;0;0;0;0;0;0;0;0;0;0;0;0;0;0;0;0;0;0;0;0;0;0;0;0;0;0;0;0;0;0;0;0;0;0;r;r;r;r;0;0;0;0;0;0;0;0;0;0;0;0;0;0;0;0;0;0;0;0;0;0;0;0;0;0;0;0;0;0;0;0;0;0;0;0;0;0;0;0;0;0;0;0;0;0;0;0;0;0;0;0;0;0;0;0;0;0;0;0;0;0;0;0;0;0;0;0;0;0;0;0;0;0;0;0;0;0;0;0;0;0;0;0;0;0;0;0;0;0;0;0;0;0;0;0;0;0;0;0;0;0;0;0;0;0;0;0;0;0;0;0;0;0;0;0;0;0
r;r;r;r;r;r;r;r;r;r;r;r;r;r;0;0;0;0;0;0;0;0;0;0;0;0;0;0;0;0;0;0;0;0;0;0;0;0;0;0;r;r;r;r;r;0;0;0;0;0;0;0;0;0;0;0;0;0;0;0;0;0;0;0;0;0;0;0;0;0;0;0;0;0;0;0;0;0;0;0;0;0;0;0;0;0;0;0;0;0;0;0;0;0;0;0;0;0;0;0;0;0;0;0;0;0;0;0;0;0;0;0;0;0;0;0;0;0;0;0;0;0;0;0;0;0;0;0;0;0;0;0;0;0;0;0;0;0;0;0;0;0;0;0;0;0;0;0;0;0;0;0;0;0;0;0;0;0;0;0;0;0;0;0;0;0;0;0;0;0;0;0;0;0;0;0;0;0;0;r;r;r;r;r;0;0;0;0;0;0;0;0;0;0;0;0;0;0;0;0;0;0;0;0;0;0;0;0;0;0;0;0;0;0;0;0;0;0;0;0;0;0;0;0;0;0;0;0;0;0;0;0;0;r;r;0;0;0;0;0;0;0;0;0;0;0;0;0;0;0;0;0;0;0;0;0;0;0;0;0;0;0;0;0;0;0;0;0;0;0;0;0;0;0;0;0;0;0;0;0;0;0;0;0;0;0;0;0;0;0;0;0;0;0;0;0;0;0;0;0;0
r;r;r;r;r;Y;Y;Y;Y;Y;Y;r;r;r;0;0;0;0;0;0;0;0;0;0;0;0;0;0;0;0;0;0;0;0;0;0;0;0;0;0;r;r;r;r;r;0;0;0;0;0;0;0;0;0;0;0;0;0;0;0;0;0;0;0;0;0;0;0;0;0;0;0;0;0;0;0;0;0;0;0;0;0;0;0;0;0;0;0;0;0;0;0;0;0;0;0;0;0;0;0;0;0;0;0;0;0;0;0;0;0;0;0;0;0;0;0;0;0;0;0;0;0;0;0;0;0;0;0;0;0;0;0;0;0;0;0;0;0;0;0;0;0;0;0;0;0;0;0;0;0;0;0;0;0;0;0;0;0;0;0;0;0;0;0;0;0;0;0;0;0;0;0;0;0;0;0;0;0;0;r;r;r;r;r;0;0;0;0;0;0;0;0;0;0;0;0;0;0;0;0;0;0;0;0;0;0;0;0;0;0;0;0;0;0;0;0;0;0;0;0;0;0;0;0;0;0;0;0;0;0;0;0;0;r;r;0;0;0;0;0;0;0;0;0;0;0;0;0;0;0;0;0;0;0;0;0;0;0;0;0;0;0;0;0;0;0;0;0;0;0;0;0;0;0;0;0;0;0;0;0;0;0;0;0;0;0;0;0;0;0;0;0;0;r;r;r;r;r;0;0;0
r;Y;Y;Y;Y;Y;Y;Y;Y;Y;Y;r;r;r;0;0;0;0;0;0;0;0;0;0;0;0;0;0;0;0;0;0;0;0;0;0;0;0;0;0;r;r;r;r;r;0;0;0;0;0;0;0;0;0;0;0;0;0;0;0;0;0;0;0;0;0;0;0;0;0;0;0;0;0;0;0;0;0;0;0;0;0;0;0;0;0;0;0;0;0;0;0;0;0;0;0;0;0;0;0;0;0;0;0;0;0;0;0;0;0;0;0;0;0;0;0;0;0;0;0;0;0;0;0;0;0;0;0;0;0;0;0;0;0;0;0;0;0;0;0;0;0;0;0;0;0;0;0;0;0;0;0;0;0;0;0;0;0;0;0;0;0;0;0;0;0;0;0;0;0;0;0;0;0;0;0;0;0;0;r;r;r;r;r;0;0;0;0;0;0;0;0;0;0;0;0;0;0;0;0;0;0;0;0;0;0;0;0;0;0;0;0;0;0;0;0;0;0;0;0;0;0;0;0;0;0;0;0;0;0;0;0;0;0;0;0;0;0;0;0;0;0;0;0;0;0;0;0;0;0;0;0;0;0;0;0;0;0;0;0;0;0;0;0;0;0;0;0;0;0;0;0;0;0;0;0;0;0;0;0;0;0;0;0;0;0;r;r;r;r;r;Y;Y;Y;Y;Y;Y;r;r;r;r
r;Y;Y;Y;Y;Y;Y;Y;Y;Y;Y;r;r;r;r;r;r;r;0;0;0;0;0;0;0;0;0;0;0;0;0;0;0;0;0;0;0;0;0;0;r;0;r;r;r;0;0;0;0;0;0;0;0;0;0;0;0;0;0;0;0;0;0;0;0;0;0;0;0;0;0;0;0;0;0;0;0;0;0;0;0;0;0;0;0;0;0;0;0;0;0;0;0;0;0;0;0;0;0;0;0;0;0;0;0;0;0;0;0;0;0;0;0;0;0;0;0;0;0;0;0;r;r;r;r;r;0;0;0;0;0;0;0;0;0;0;0;0;0;0;0;0;0;0;0;0;0;0;0;0;0;0;0;0;0;0;0;0;0;0;0;0;0;0;0;0;0;0;r;r;0;0;0;0;0;0;0;0;r;r;r;r;r;r;0;0;0;0;0;0;0;0;0;0;0;0;0;0;0;0;0;0;0;0;0;0;0;0;0;0;0;0;0;0;0;0;0;0;0;0;0;0;0;0;0;0;0;0;0;0;0;0;0;0;0;0;0;0;0;0;0;0;0;0;0;0;0;0;0;0;0;0;0;0;0;0;0;0;0;0;0;0;0;0;0;0;0;0;0;0;0;0;0;0;0;0;0;0;0;0;0;0;0;0;0;0;r;r;r;r;r;Y;Y;Y;Y;Y;Y;r;r;r;r
r;Y;Y;Y;Y;Y;Y;r;r;r;r;r;r;r;r;r;r;r;0;0;0;0;0;0;0;0;0;0;0;0;0;0;0;0;0;0;0;0;0;0;0;0;r;r;r;0;0;0;0;0;0;0;0;0;0;0;0;0;0;0;0;0;0;0;0;0;0;0;0;0;0;0;0;0;0;0;0;0;0;0;0;0;0;0;0;0;0;0;0;0;0;0;0;0;0;0;0;0;0;0;0;0;0;0;0;0;0;0;0;0;r;r;r;r;r;0;0;0;0;0;0;r;r;r;r;r;r;0;0;0;0;0;0;0;0;0;0;0;0;0;0;0;0;0;0;0;0;0;0;0;0;0;0;0;0;0;0;0;0;0;0;0;0;0;0;0;r;r;r;r;r;r;0;0;0;0;r;r;r;Y;Y;Y;Y;r;0;0;0;0;0;0;0;0;0;0;0;0;0;0;0;0;0;0;0;0;0;0;0;0;0;0;0;0;0;0;0;0;0;0;0;0;0;0;0;0;0;0;0;0;0;0;0;0;0;0;0;0;0;0;0;0;0;0;0;0;0;0;0;0;0;0;0;0;0;0;0;0;0;0;0;0;0;0;0;0;0;0;0;0;0;0;0;0;0;0;0;0;0;0;0;0;0;0;0;0;0;r;r;r;r;r;r;r;Y;Y;Y;Y;Y;Y;Y;r;r
r;r;r;r;Y;Y;Y;r;r;r;r;r;r;r;r;r;r;0;0;0;0;0;0;0;0;0;0;0;0;0;0;0;0;0;0;0;0;0;0;0;0;0;r;r;r;0;0;0;0;0;0;0;0;0;0;0;0;0;0;0;0;0;0;0;0;0;0;0;0;0;0;0;0;0;0;0;0;0;0;0;0;0;0;0;0;0;0;0;0;0;0;0;0;0;0;0;0;0;0;0;0;0;0;0;0;0;0;0;r;r;r;r;r;r;r;r;r;r;r;0;r;r;r;r;r;r;r;0;0;0;0;0;0;0;0;0;0;0;0;0;0;0;0;0;0;0;0;0;0;0;0;0;0;0;0;0;0;0;0;0;0;r;r;r;r;r;r;r;r;r;r;r;r;0;0;0;r;Y;Y;Y;Y;Y;Y;r;0;0;0;0;0;0;0;0;0;0;0;0;0;0;0;0;0;0;0;0;0;0;0;0;0;0;0;0;0;0;0;0;0;0;0;0;0;0;0;0;0;0;0;0;0;0;0;0;0;0;0;0;0;0;0;0;0;0;0;0;0;0;0;0;0;0;0;0;0;0;0;0;0;0;0;0;0;0;0;0;0;0;0;0;0;0;0;0;0;0;0;0;0;0;0;0;0;0;0;0;0;r;r;r;r;r;r;r;r;Y;Y;Y;Y;Y;Y;r;r
r;r;r;r;r;r;r;r;r;r;Y;Y;Y;Y;Y;Y;Y;0;0;0;0;0;0;0;0;0;0;0;0;0;0;0;0;0;0;0;0;0;0;0;0;0;r;r;r;0;0;0;0;0;0;0;0;0;0;0;0;0;0;0;0;0;0;0;0;0;0;0;0;0;0;0;0;0;0;0;0;0;0;0;0;0;0;0;0;0;0;0;0;0;0;0;0;0;0;0;0;0;0;0;0;0;0;0;0;0;0;0;r;r;r;r;r;r;r;r;r;r;r;r;r;r;r;r;r;r;r;0;0;0;0;0;0;0;0;0;0;0;0;0;0;0;0;0;0;0;0;0;0;0;0;0;0;0;0;0;0;0;0;0;0;r;r;r;r;Y;Y;Y;Y;Y;r;r;r;0;0;0;r;Y;Y;Y;Y;Y;Y;r;0;0;0;0;0;0;0;0;0;0;0;0;0;0;0;0;0;0;0;0;0;0;0;0;0;0;0;0;0;0;0;0;0;0;0;0;0;0;0;0;0;0;0;0;0;0;0;0;0;0;0;0;0;0;0;0;0;0;0;0;0;0;0;0;0;0;0;0;0;0;0;0;0;0;0;0;0;0;0;0;0;0;0;0;0;0;0;0;0;0;0;0;0;0;0;0;0;0;0;0;0;r;r;r;r;r;r;r;r;r;r;r;r;r;r;r;r
r;r;r;r;r;r;r;r;Y;Y;Y;Y;Y;Y;Y;Y;Y;0;0;0;0;0;0;0;0;0;0;0;0;0;0;0;0;0;0;0;0;0;0;0;0;0;r;r;r;0;0;0;0;0;0;0;0;0;0;0;0;0;0;0;0;0;0;0;0;0;0;0;0;0;0;0;0;0;0;0;0;0;0;0;0;0;0;0;0;0;0;0;0;0;0;0;0;0;0;0;0;0;0;0;0;0;0;0;0;0;0;0;r;r;r;Y;Y;Y;Y;Y;Y;r;r;r;r;r;r;r;r;r;r;0;0;0;0;0;0;0;0;0;0;0;0;0;0;0;0;0;0;0;0;0;0;0;0;0;0;0;0;0;0;0;0;0;0;r;r;Y;Y;Y;Y;Y;Y;Y;r;r;r;0;0;0;r;Y;Y;Y;r;r;r;r;0;0;0;0;0;0;0;0;0;0;0;0;0;0;0;0;0;0;0;0;0;0;0;0;0;0;0;0;0;0;0;0;0;0;0;0;0;0;0;0;0;0;0;0;0;0;0;0;0;0;0;0;0;0;0;0;0;0;0;0;0;0;0;0;0;0;0;0;0;0;0;0;0;0;0;0;0;0;0;0;0;0;0;0;0;0;0;0;0;0;0;0;0;0;0;0;0;0;0;0;0;r;r;r;r;r;Y;Y;Y;Y;Y;Y;r;r;r;r;r
r;r;r;r;r;r;r;r;Y;Y;Y;Y;Y;Y;Y;Y;Y;0;0;0;0;0;0;0;0;0;0;0;0;0;0;0;0;0;0;0;0;0;0;0;0;0;r;r;r;0;0;0;0;0;0;0;0;0;0;0;0;0;0;0;0;0;0;0;0;0;0;0;0;0;0;0;0;0;0;0;0;0;0;0;0;0;0;0;0;0;0;0;0;0;0;0;0;0;0;0;0;0;0;0;0;0;0;0;0;0;0;0;r;Y;Y;Y;Y;Y;Y;Y;Y;r;r;r;r;r;r;r;r;r;r;0;0;0;0;0;0;0;0;0;0;0;0;0;0;0;0;0;0;0;0;0;0;0;0;0;0;0;0;0;0;0;0;0;0;r;r;Y;Y;Y;Y;Y;Y;Y;r;r;r;0;0;0;r;r;r;r;r;r;r;r;0;0;0;0;0;0;0;0;0;0;0;0;0;0;0;0;0;0;0;0;0;0;0;0;0;0;0;0;0;0;0;0;0;0;0;0;0;0;0;0;0;0;0;0;0;0;0;0;0;0;0;0;0;0;0;0;0;0;0;0;0;0;0;0;0;0;0;0;0;0;0;0;0;0;0;0;0;0;0;0;0;0;0;0;0;0;0;0;0;0;0;0;0;0;0;0;0;0;0;0;0;r;r;Y;Y;Y;Y;Y;Y;Y;Y;Y;r;r;r;r;r
r;r;r;r;r;r;r;r;Y;Y;Y;Y;Y;r;r;r;r;0;0;0;0;0;0;0;0;0;0;0;0;0;0;0;0;0;0;0;0;0;0;0;0;0;r;r;r;0;0;0;0;0;0;0;0;0;0;0;0;0;0;0;0;0;0;0;0;0;0;0;0;0;0;0;0;0;0;0;0;0;0;0;0;0;0;0;0;0;0;0;0;0;0;0;0;0;0;0;0;0;0;0;0;0;0;0;0;0;0;0;r;Y;Y;Y;Y;Y;Y;Y;Y;r;r;r;Y;Y;Y;r;r;r;r;0;0;0;0;0;0;0;0;0;0;0;0;0;0;0;0;0;0;0;0;0;0;0;0;0;0;0;0;0;0;0;r;r;r;r;r;Y;Y;Y;Y;Y;r;r;r;r;r;0;0;0;r;r;r;r;r;r;r;r;r;r;r;0;0;0;0;0;0;0;0;0;0;0;0;0;0;0;0;0;0;0;0;0;0;0;0;0;0;0;0;0;0;0;0;0;0;0;0;0;0;0;0;0;0;0;0;0;0;0;0;0;0;0;0;0;0;0;0;0;0;0;0;0;0;0;0;0;0;0;0;0;0;0;0;0;0;0;0;0;0;0;0;0;0;0;0;0;0;0;0;0;0;0;0;0;0;0;0;0;0;r;r;Y;Y;Y;Y;Y;Y;Y;r;r;r;r;r;r;Y
r;r;r;r;r;r;r;r;r;r;r;r;r;r;r;r;r;0;0;0;0;0;0;0;0;0;0;0;0;0;0;0;0;0;0;0;0;0;0;0;0;0;r;r;r;0;0;0;0;0;0;0;0;0;0;0;0;0;0;0;0;0;0;0;0;0;0;0;0;0;0;0;0;0;0;0;0;0;0;0;0;0;0;0;0;0;0;0;0;0;0;0;0;0;0;0;0;0;0;0;0;0;0;0;0;0;0;0;r;Y;Y;Y;Y;Y;r;r;r;r;r;r;Y;Y;Y;Y;Y;r;r;0;0;0;0;0;0;0;0;0;0;0;0;0;0;0;0;0;0;0;0;0;0;0;0;0;0;0;0;0;0;0;r;r;r;r;r;r;r;r;r;r;r;r;r;r;Y;Y;Y;0;r;r;r;r;r;r;Y;Y;Y;Y;r;0;0;0;0;0;0;0;0;0;0;0;0;0;0;0;0;0;0;0;0;0;0;0;0;0;0;0;0;0;0;0;0;0;0;0;0;0;0;0;0;0;0;0;0;0;0;0;0;0;0;0;0;0;0;0;0;0;0;0;0;0;0;0;0;0;0;0;0;0;0;0;0;0;0;0;0;0;0;0;0;0;0;0;0;0;0;0;0;0;0;0;0;0;0;0;0;0;0;r;r;Y;Y;Y;Y;Y;Y;Y;r;r;r;Y;Y;Y;Y
r;r;r;r;r;r;r;r;r;r;r;r;r;r;r;r;r;0;0;0;0;0;0;0;0;0;0;0;0;0;0;0;0;0;0;0;0;0;0;0;0;0;r;r;r;0;0;0;0;0;0;0;0;0;0;0;0;0;0;0;0;0;0;0;0;0;0;0;0;0;0;0;0;0;0;0;0;0;0;0;0;0;0;0;0;0;0;0;0;0;0;0;0;0;0;0;0;0;0;0;0;0;0;0;0;0;0;0;r;r;r;r;r;r;r;r;r;r;r;r;r;Y;Y;Y;Y;r;r;0;0;0;0;0;0;0;0;0;0;0;0;0;0;0;0;0;0;0;0;0;0;0;0;0;0;0;0;0;0;0;r;r;r;r;r;r;r;r;r;r;r;Y;Y;Y;Y;Y;Y;Y;r;r;r;r;r;Y;Y;Y;Y;Y;r;0;0;0;0;0;0;0;0;0;0;0;0;0;0;0;0;0;0;0;0;0;0;0;0;0;0;0;0;0;0;0;0;0;0;0;0;0;0;0;0;0;0;0;0;0;0;0;0;0;0;0;0;0;0;0;0;0;0;0;0;0;0;0;0;0;0;0;0;0;0;0;0;0;0;0;0;0;0;0;0;0;0;0;0;0;0;0;0;0;0;0;0;0;0;0;0;0;0;r;r;r;r;r;r;r;r;r;r;r;r;Y;Y;Y;Y
